id;classes;label;description;image
Q93184;[];drawing;visual artwork in two-dimensional medium;https://upload.wikimedia.org/wikipedia/commons/1/1b/La_Madonna_che_Allatta_il_Figlio_-_Michelangelo_Buonarroti.png
Q185905;['Q1792379', 'Q968159'];ukiyo-e;Japanese artform;
Q1935974;['Q1792379'];cityscape;art genre;https://upload.wikimedia.org/wikipedia/commons/c/c5/The_Dam_in_Amsterdam%2C_by_Gerrit_Adriaensz_Berckheyde.jpg
Q179700;['Q18783400'];statue;sculpture primarily concerned as a representational figure;https://upload.wikimedia.org/wikipedia/commons/9/9c/MG-Paris-Aphrodite_of_Milos.jpg
Q2457203;['Q1792379'];bodegón;Spanish still-life genre in baroque art;
Q17004687;['Q1792379'];astronomical art;aspect of space art devoted to visualizing the wonders of outer space;
Q3796486;[];botanical illustration;drawing or painted image of plants and their components;https://upload.wikimedia.org/wikipedia/commons/e/ea/Americana_1920_Plants_Ornamental.jpg
Q6575414;[];miniature art;;
Q18809589;['Q1792379'];full-frontal portrait;genre of portrait;
Q1576172;['Q1406161'];Nursing Madonna;artistic theme in which the Virgin Mary breastfeeds the infant Jesus;https://upload.wikimedia.org/wikipedia/commons/9/90/Hans_Memling_-_Virgin_Suckling_the_Child_-_WGA14966.jpg
Q12303833;['Q16743958'];floral painting;genre in painting;https://upload.wikimedia.org/wikipedia/commons/b/bd/Jan_Bruegel_%28I%29_-_Bouquet_of_Flowers_in_a_Ceramic_Vase.jpg
Q18809626;['Q1792379'];full-length portrait;genre of portrait;
Q1462982;['Q1406161'];Seat of Wisdom;;
Q2858262;['Q16767597'];Venus Pudica;type of antique statue;https://upload.wikimedia.org/wikipedia/commons/f/f2/Capitoline_Venus_-_Palazzo_Nuovo_-_Musei_Capitolini_-_Rome_2016.jpg
Q326478;['Q968159', 'Q1792379'];land art;form of art creation in which landscape and the work of art are inextricably linked;https://upload.wikimedia.org/wikipedia/commons/8/84/Spiral-jetty-from-rozel-point.png
Q860372;['Q1792379'];digital art;collective term for art that is generated digitally with the computer;
Q2586345;['Q735'];Cycladic art;;https://upload.wikimedia.org/wikipedia/commons/c/c2/Harp_player%2C_Cycladic_civilization_-_Greece.JPG
Q1744327;['Q1792379'];sound art;art discipline that uses sound as a medium;
Q40446;['Q1792379'];nude;work of art that has as its primary subject the unclothed human body;https://upload.wikimedia.org/wikipedia/commons/6/6f/Artful_nude_or_figurenude_photograph.jpg
Q6703289;[];Lumino kinetic art;;
Q742530;['Q223393'];idyll;short poem;
Q938616;[];Italian art;;
Q1001041;[];Buddhist art;artistic practices that are influenced by Buddhism;
Q1047337;['Q1792379'];genre art;art genre that depicts scenes from everyday life;https://upload.wikimedia.org/wikipedia/commons/8/89/A_Man_and_His_Dog_%28Antonio_Rotta%29.jpg
Q630349;[];war artist;depicts some aspect of war through art;
Q1792321;['Q1792379'];roundabout art;public art genre consisting of artworks placed on a roundabout;
Q16875712;['Q1792379'];animal art;artistic theme of reproducing animals in art;
Q860861;[];sculpture;three-dimensional work of art;https://upload.wikimedia.org/wikipedia/commons/2/25/Gansu_Museum_2007_257.jpg
Q4989906;[];monument;type of structure either explicitly created to commemorate a person or important event, or used for that purpose;https://upload.wikimedia.org/wikipedia/commons/9/9f/Bronze_Horseman002.jpg
Q28777669;['Q860861'];portrait sculpture;;
Q3577704;['Q968159', 'Q1387659', 'Q43229'];Shijō school;;
Q390001;['Q1792379'];pastoral;art genre;https://upload.wikimedia.org/wikipedia/commons/9/90/Pastoral_Landscape_by_Alvan_Fisher%2C_1854.jpg
Q59857635;['Q1792379'];;;
Q17393935;['Q1792379'];highway art;art built next to highways;
Q21532554;[];;;
Q9008037;['Q1047113'];Imagery;sculpture;
Q134147;['Q968159', 'Q32880'];pop art;art movement;
Q939654;['Q16743958'];conversation piece;painting genre;
Q212431;['Q1792379', 'Q56055944'];installation art;art genre of (often large-scale) three-dimensional artworks in an interior space (use with P136). For the artwork see installation (use Q20437094 with P31);
Q1187814;[];Korean painting;;
Q2667282;['Q1799072'];allegorical interpretation;interpretive method (exegesis) which assumes that the Bible has various levels of meaning and tends to focus on the spiritual sense;
Q1464842;['Q1231896'];tenebrism;painting technique;
Q5448026;['Q16743958'];figure painting;genre of painting;
Q2334148;['Q18783400'];sculptural group;displayed together;
Q1779653;['Q18783400'];colossal statue;;
Q6498959;[];scale model;physical representation of an object;
Q18917896;['Q18783400'];history sculpture;genre in sculpture;
Q18822288;['Q16743958'];architectural view;genre of painting;
Q383898;['Q1792379'];military art;works of art on military themes;
Q3497582;['Q4167410'];statue of Joan of Arc;Wikimedia disambiguation page;
Q3399515;['Q16743958'];equestrian portrait;genre of painting;
Q1367208;['Q80071', 'Q10856', 'Q2984138', 'Q138756'];doves as symbols;;https://upload.wikimedia.org/wikipedia/commons/e/ec/P_dove_peace.png
Q2208234;[];statue of Sacred Heart of Jesus Christ;statue of Jesus Christ;
Q241045;['Q1792379'];portrait at bust length;representation of the upper part of the human figure, in picture or sculpture;
Q1061960;[];Purismo;;
Q48514;['Q5'];Sesshū Tōyō;Japanese artist;https://upload.wikimedia.org/wikipedia/commons/7/75/Portrait_of_Sesshu.jpg
Q2864727;['Q1792379'];Robotic art;;
Q174864;['Q223393'];elegy;literary genre;
Q2278308;['Q16743958'];capriccio;architectural fantasy in painting;
Q55387950;['Q1792379'];male nude;artistic representation of the naked male body;
Q1184652;['Q4167410'];Delphinbrunnen;Wikimedia disambiguation page;
Q2415378;['Q16743958'];schutterstuk;Dutch civic guard group portrait;https://upload.wikimedia.org/wikipedia/commons/1/1c/Helst%2C_Peace_of_M%C3%BCnster.jpg
Q2026188;['Q483394'];panoramic painting;massive artwork that reveals a wide, all-encompassing view of a particular subject;
Q3374359;[];;;
Q16738862;['Q18783400'];statuette;small statue;https://upload.wikimedia.org/wikipedia/commons/3/30/Terracotta_horse_540-520_BC_Staatliche_Antikensammlungen.jpg
Q158607;['Q1792379'];marine art;form of figurative art that portrays or draws its main inspiration from the sea;https://upload.wikimedia.org/wikipedia/commons/6/61/Schepen_aan_lager_wal_-_Ships_running_aground_-_The_%27Ridderschap%27_and_%27Hollandia%27_in_trouble_in_the_Street_of_Gibraltar_1-3_March_1694_%28Ludolf_Backhuysen%2C_1708%29.jpg
Q61743839;['Q1792379'];laid table;"type of still life painting; generally includes a tablecloth";https://upload.wikimedia.org/wikipedia/commons/e/eb/Nicolaes_Gillis_1611.jpg
Q863679;['Q2198855'];chinoiserie;European interpretation and imitation of Chinese and East Asian artistic traditions, especially in the decorative arts, garden design, architecture, literature, theatre, and music;
Q24887379;['Q16767597'];'Ain Ghazal Statues;;https://upload.wikimedia.org/wikipedia/commons/a/a9/Ain_Ghazal_Statue_Jordan_Archaeological_Museum_Amman_Jordan0821.jpg
Q22915256;['Q3300034'];watercolor paint;paint used in watercolor painting;
Q831768;[];Indian art;art from Indian Subcontinent cultures;
Q2302151;['Q16743958'];animal painting;genre in painting;https://upload.wikimedia.org/wikipedia/commons/f/f4/Durer_Young_Hare.jpg
Q1168168;['Q1792379'];erotic art;artistic work that deals substantively with erotically stimulating or sexually arousing subject matter;
Q213371;[];vitreous enamel;material made by fusing powdered glass to a substrate by firing;https://upload.wikimedia.org/wikipedia/commons/7/74/Medallion_St_Demetrios_Louvre_OA6457.jpg
Q2864737;['Q1792379'];religious art;art that is religious in theme;https://upload.wikimedia.org/wikipedia/commons/f/f5/Sainte_chapelle_-_Upper_level.jpg
Q33162389;[];;;
Q4731380;['Q18783400'];allegorical sculpture;;
Q18809572;['Q1792379'];half-length portrait;genre of portrait, showing the body from the waist up;
Q362395;[];Cycladic idols;type of sculpture from the Cyclads in the 3rd millennium BCE;
Q2566458;['Q16743958'];bird-and-flower painting;genre of Chinese painting;
Q19547247;['Q1792379'];family portrait;"art genre; group portrait of a family";
Q245117;['Q56055944'];relief sculpture;sculpture created with relief technique;https://upload.wikimedia.org/wikipedia/commons/3/37/Qajari_relief.jpg
Q1569950;['Q968159', 'Q1792379'];Internet art;art that uses the internet as a medium or subject;https://upload.wikimedia.org/wikipedia/commons/7/70/Simple_Net_Art_Diagram.gif
Q11546300;['Q1792379'];Musha-e;;
Q15838173;['Q32880'];Regionalism;art movement;
Q170571;['Q16743958', 'Q1792379'];still life;art genre;https://upload.wikimedia.org/wikipedia/commons/d/da/Kalf%2C_Willem_-_Still_Life_with_Ewer%2C_Vessels_and_Pomegranate_-_Google_Art_Project.jpg
Q335261;[];ornament;decoration used to embellish parts of a building or object;https://upload.wikimedia.org/wikipedia/commons/d/d9/Orna102-laufende-Endigungen.png
Q185363;['Q223393'];chronicle;historical account of facts and events ranged in chronological order;
Q645717;['Q1792379'];Christian art;art genre;
Q4200893;[];Hindu art;;
Q17489160;['Q18783400'];bust;sculpture of a person's head and shoulders;
Q18783399;['Q18783400'];mythologic sculpture;genre in sculpture;
Q181001;['Q483394'];erotica;media, literature or art dealing substantively with erotically stimulating or sexually arousing subject matter;
Q1144689;[];folding screen;furniture consisting of flat, hinged panels for dividing a room, sometimes with painted decoration;https://upload.wikimedia.org/wikipedia/commons/f/fb/Folding_screen_at_Mus%C3%A9e_Guimet%2C_Paris.jpg
Q42865;['Q2198855'];Orientalism;imitation or depiction of aspects of Middle Eastern and East Asian cultures;
Q21088117;['Q16743958'];Haerlempjes;type of painting that includes a view of Haarlem;
Q11766730;['Q16743958'];allegorical painting;;
Q40415;['Q968159'];Impressionism;19th-century art movement;https://upload.wikimedia.org/wikipedia/commons/2/21/Pierre-Auguste_Renoir%2C_Le_Moulin_de_la_Galette.jpg
Q5784272;['Q21711025'];haut-relief technique;type of sculpture technique;https://upload.wikimedia.org/wikipedia/commons/a/a4/Egypte_picture16.jpg
Q164800;['Q968159', 'Q2198855', 'Q3326717'];Symbolism;art movement;
Q756615;[];Chinese art;visual art that, whether ancient or modern, originated in or is practiced in China or by Chinese artists;
Q516583;['Q1792379'];shan shui;art genre;
Q18809567;['Q1792379'];three-quarter portait;genre of portait;
Q750197;['Q1231896'];grisaille;painting in shades of gray;https://upload.wikimedia.org/wikipedia/commons/4/41/Magi_Herod_MNMA_Cl23532.jpg
Q3476508;['Q18783400'];animal sculpture;artistic theme of reproducing animals in sculpture;
Q1433099;['Q16743958'];tronie;type of artwork common in Netherlandish painting showing an exaggerated face or character in costume;
Q192110;['Q1792379'];self-portrait;representation of an artist, drawn, painted, photographed, or sculpted by the artist;https://upload.wikimedia.org/wikipedia/commons/6/68/D%C3%BCrer_-_Selbstbildnis_im_Pelzrock_-_Alte_Pinakothek.jpg
Q214127;['Q16743958'];genre painting;paintings of scenes or events from everyday life;https://upload.wikimedia.org/wikipedia/commons/6/65/Antonio_Rotta_-_The_Hopeless_Case_-_Walters_37182.jpg
Q18854;['Q16521'];Eurasian Curlew;species of bird;https://upload.wikimedia.org/wikipedia/commons/2/2c/Eurasian_Curlew.jpg
Q321053;[];cenotaph;"""empty tomb"" or monument erected in honor of a person whose remains are elsewhere";
Q937330;[];kouros;free-standing ancient Greek sculptures;https://upload.wikimedia.org/wikipedia/commons/f/fa/Kouroi_at_the_Ancient_Corinth_Archaeological_museum.jpeg
Q61409754;['Q16743958'];fruit painting;genre in painting;https://upload.wikimedia.org/wikipedia/commons/8/84/Francina_Margaretha_van_Huysum_-_A_Dish_of_Fruit_CAM_CCF_PD_31_1975.jpg
Q4103181;[];;;
Q1542239;['Q16743958'];coffin portrait;;
Q4774335;['Q1406161'];anti-clerical art;;
Q10827799;[];silk painting;painted artwork on silk;
Q632355;['Q968159'];archaic sculpture;;
Q162150;['Q1792379'];abstraction;art genre;
Q2431125;[];underpainting;initial layer of paint applied to a ground, which serves as a base for subsequent layers of paint;
Q191163;['Q16743958'];landscape art;"genre of paintings; field of work for artists";https://upload.wikimedia.org/wikipedia/commons/5/5b/Salomon_van_Ruysdael_-_View_of_Egmond_aan_Zee_-_WGA20562.jpg
Q557141;['Q1792379'];public art;art in the physical public domain;
Q1518996;[];;;
Q921657;[];kore;ancient Greek statue of a woman of the Archaic period;https://upload.wikimedia.org/wikipedia/commons/8/88/Kore66.jpg
Q723620;['Q16743958'];Bambocciata;term used to describe small-sized genre paintings sold by the Bentvueghels while in Rome;
Q3476522;[];;;
Q61686009;['Q1406161'];;;
Q4817248;[];Atomic Age;design style that refers to the period roughly corresponding to 1940–1960, when concerns about nuclear war dominated Western society during the Cold War;
Q16675884;['Q18783400'];religious sculpture;genre of sculpture with religious themes;
Q1136545;['Q968159', 'Q483394'];Costumbrismo;art movement;https://upload.wikimedia.org/wikipedia/commons/4/4b/Manuel_Cabral_-_La_copla_-_Google_Art_Project.jpg
Q2414609;['Q16743958'];religious painting;genre of painting with themes from religion;https://upload.wikimedia.org/wikipedia/commons/b/b4/Cristo_abrazado_a_la_cruz_%28El_Greco%2C_Museo_del_Prado%29.jpg
Q21532459;[];;;
Q3476533;['Q18783400'];monumental sculpture;large sculpture;
Q56199405;['Q16743958'];inverted still-life;;
Q572916;['Q1792379'];found object;art created from undisguised, but often modified, objects or products that are not normally considered art;
Q134307;['Q1792379'];portrait;artistic representation of one or more persons;https://upload.wikimedia.org/wikipedia/commons/e/ed/Dama_z_gronostajem.jpg
Q3064465;['Q1792379'];heroic nudity;concept in classical scholarship to describe the use of nudity in classical sculpture to indicate that a sculpture's apparently mortal human subject is in fact a hero or semi-divine being;https://upload.wikimedia.org/wikipedia/commons/3/30/Hellenistic_ruler02_pushkin.jpg
Q2839016;['Q1792379'];allegory;pictorial representation of a figure to represent an idea or institution;
Q22925400;['Q483394'];sport art;art genre;
Q742333;['Q16743958'];history painting;genre in painting defined by historical matter (see also religious painting and mythological painting);https://upload.wikimedia.org/wikipedia/commons/7/70/Jacques-Louis_David_-_Oath_of_the_Horatii_-_Google_Art_Project.jpg
Q284521;['Q1792379'];Bijinga;Japanese art genre;https://upload.wikimedia.org/wikipedia/commons/a/a8/Utamaro_%281793%29_Three_Beauties_of_the_Present_Time%2C_MFAB_21.6382.jpg
Q30303254;['Q1792379'];portrait historié;portrait painting in theatrical costume, usually only the faces are the portrait and the rest is fantasized;
Q15711026;[];altarpiece;artwork (painting, sculpture or relief) behind the altar;
Q462437;[];composition;placement or arrangement of visual elements or ingredients in a work of art;
Q683010;[];ex-voto;votive offering to a saint or to a divinity in Christianity;
Q588951;['Q391414'];Overdoor;;
Q4351610;[];Dutch art;;
Q19968941;['Q1792379'];double portrait;portrait of two people;
Q179461;['Q223393'];religious text;type of creative work;
Q756712;['Q1231896'];ink wash painting;painting technique;https://upload.wikimedia.org/wikipedia/commons/2/23/Hasegawa_Tohaku_-_Pine_Trees_%28Sh%C5%8Drin-zu_by%C5%8Dbu%29_-_right_hand_screen.jpg
Q128758;['Q223393', 'Q1792379', 'Q201658'];satire;genre of arts and literature in the form of humor or ridicule;
Q37853;['Q2198855', 'Q32880', 'Q968159'];baroque;cultural movement, starting around 1600;
Q2086428;[];fête champêtre;;
Q3374376;['Q16743958'];mythological painting;genre in painting based on stories of Ovid, Aesop's fables, plays, or other popular myths;https://upload.wikimedia.org/wikipedia/commons/7/7e/Andrea_Schiavone_-_Apollo_and_Daphne.jpeg
Q846561;[];monochrome painting;painting that primarily employs only one color, possibly with hue changing across a surface and other texture and nuance;https://upload.wikimedia.org/wikipedia/commons/4/4c/White_on_White_%28Malevich%2C_1918%29.png
Q862761;[];interior;interior of a subset S of points of a topological space X consists of all points of S that do not belong to the boundary of S;
Q627603;['Q1792379'];cartoon;form of two-dimensional illustrated visual art;
Q14628274;['Q1406161', 'Q8514257'];orante;type of depicting of the Virgin Mary, with raised and outstretched hands;
Q16874735;['Q735'];French art;;
Q580995;['Q1792379'];apotheosis;glorification of a subject to divine level;
Q273383;['Q3062294'];Memento mori;Latin phrase and its meaning;
Q60133444;['Q16743958'];;;
Q444624;[];marouflage;technique for affixing a painted canvas to a wall or other support;
Q28135932;['Q1792379'];equestrian portrait;art genre;
Q131808;['Q968159', 'Q2198855', 'Q32880'];mannerism;style of European art;
Q184784;[];architectural drawing;technical drawing of a building (or building project);
Q1551015;['Q1792379'];group portrait;portrait of more than one person;
Q61747235;['Q1792379'];pronk still life;"type of still life painting; generally includes expensive food such as exotic fruit or fish and valuable objects such as a covered beaker";https://upload.wikimedia.org/wikipedia/commons/2/29/Jan_Davidsz_de_Heem_-_A_pie_and_a_partly_peeled_lemon_with_crayfish_and_shrimp_in_a_kraak_porcelain_bowl%2C_fruit_and_ewer_on_a_table_1997_CKS_05903_0022_000%28%29.jpg
Q15146165;['Q16743958'];regentenstuk;group portrait of regents of an organisation (usually a Dutch charity);
Q1246516;['Q968159'];feminist art;art that reflects women’s lives and experiences;https://upload.wikimedia.org/wikipedia/commons/e/ec/Venus_and_you%2C_180x160_cm%2C_oil_on_canvas%2C_2008%2C_by_Ora_Ruven_.%D7%95%D7%A0%D7%95%D7%A1_%D7%95%D7%90%D7%AA%2C_%D7%A9%D7%9E%D7%9F_%D7%A2%D7%9C_%D7%91%D7%93%2C_%D7%9E%D7%90%D7%AA_%D7%90%D7%95%D7%A8%D7%94_%D7%A8%D7%90%D7%95%D7%91%D7%9F.jpg
Q263985;[];romantic nationalism;form of nationalism in which the state derives its political legitimacy as an organic consequence of the unity of those it governs;
Q2916094;['Q1792379'];editorial cartoon;illustration used to comment on current events and personalities;
Q318394;[];Art of ancient Egypt;Art produced by the ancient Egyptian civilization;
Q4382010;['Q1792379'];profile;orientation to the side, in a two-dimensional depiction;https://upload.wikimedia.org/wikipedia/commons/a/ac/Fotothek_df_roe-neg_0006594_017_Bild_Ein_Lampion_mit_Mondgesicht_sowie_der_Schat.jpg
Q960578;['Q735'];Phoenician art;art;
Q603399;[];Japanese art;;
Q18353841;['Q16743958'];architectural painting;painting genre;
Q1400853;['Q16743958'];portrait painting;"genre of paintings; field of work for painters";https://upload.wikimedia.org/wikipedia/commons/e/ec/Mona_Lisa%2C_by_Leonardo_da_Vinci%2C_from_C2RMF_retouched.jpg
Q3341836;['Q968159', 'Q1792379'];Nikuhitsuga;Japanese paintings in ukiyo-e style;
Q2394336;['Q1792379', 'Q968159'];interactive art;art that involves the spectator;
Q1421557;['Q1792379'];light art;form of visual art using light as a medium;
Q5003624;[];memorial;object which serves as a focus for memory of something;
Q1435706;['Q1406161'];Black Madonna;artistic theme, depiction of Mary with black skin;
Q26263265;['Q1792379'];Western art;art genre focusing on the American west;
Q128115;['Q968159'];abstract art;art with a degree of independence from visual references in the world;https://upload.wikimedia.org/wikipedia/commons/0/07/Hilma_af_Klint_Svanen.jpg
Q41363;['Q1792379'];panorama;wide-angle view or representation of a physical space;
Q282129;['Q16743958'];miniature;very small painting;https://upload.wikimedia.org/wikipedia/commons/5/5d/Jean_Fouquet_-_Self-portrait_-_WGA08041.jpg
Q340383;['Q4167410'];Study;Wikimedia disambiguation page;
Q482919;['Q1792379'];caricature;;https://upload.wikimedia.org/wikipedia/commons/f/f7/Chaplin_caricature.JPG
Q17516;['Q1792379'];street art;art that is public and temporary in public spaces;
Q1209421;[];Spanish art;;
Q659396;['Q1406161', 'Q18783400'];equestrian statue;statue of a rider mounted on a horse;https://upload.wikimedia.org/wikipedia/commons/3/37/Gattamelata.jpg
Q2348713;['Q1792379'];donor portrait;portrait in a larger work showing the person who commissioned and paid for the image;
Q2520013;['Q21711025'];sculpture in the round;freestanding sculpture;https://upload.wikimedia.org/wikipedia/commons/5/55/Toro_farnese.JPG
Q1763003;['Q1792379'];female nude;artistic representation of the naked female body;
Q376693;['Q18783400'];herma;"sculpture with a head and often a torso above a plain lower section, often with male genitals at the appropriate height; originated in Ancient Greece, adopted by the Romans, and revived in the Renaissance";https://upload.wikimedia.org/wikipedia/commons/c/cf/Herma_Demosthenes_Glyptothek_Munich_292.jpg
Q9134;[];mythology;stories of gods and fairies and fantastic creatures. (Use 'Legend' - Q44342 - for stories of heroic humans);https://upload.wikimedia.org/wikipedia/commons/2/23/Michel_Corneille_the_Younger_-_Iris_and_Jupiter.jpg
Q26384202;[];Painting of the Virgin Mary;;
Q916651;[];thangka;Tibetan Buddhist painting on cotton, or silk appliqué, usually depicting a Buddhist deity, scene, or mandala.;
Q8362;[];illumination;picture in an ancient or medieval illuminated manuscript;https://upload.wikimedia.org/wikipedia/commons/b/b9/Angers_Book_of_Hours_%28folio_13r%29.jpg
Q221375;['Q968159'];Hellenistic art;art movement;
Q38166;['Q968159'];modern art;artistic works produced during the period extending roughly from the 1860s to the 1970s;
Q468930;['Q16743958'];trompe-l'œil;genre in painting;
Q4439466;[];;;
Q998555;['Q16743958'];book illustration;illustration which appears in books;
Q214334;['Q16743958'];cave painting;paintings found on cave walls and ceilings;
Q3374353;['Q16743958'];battle painting;genre of painting, battle scene;
Q2083647;['Q1792379'];funerary art;grave art;
Q1436786;[];Figure drawing;;
Q3476515;[];architectural sculpture;type of sculpture;
Q166030;['Q16743958'];veduta;genre of large-scale vista or cityscape;
Q112110;[];emblem;pictorial image that epitomizes a concept or that represents a person;
Q248726;['Q18783400'];Venus figurine;;
Q8001341;[];wildlife art;art genre depicting wildlife;
Q597365;['Q968159'];yamato-e;classical Japanese painting style;
Q1622217;['Q1792379'];figurative art;art that depicts real object sources;
Q2740415;['Q1792379'];site-specific art;artwork created for a certain place;
Q18811686;['Q16743958'];interior view;genre of painting;
Q7046534;['Q16743958'];nocturne;term in painting;
Q1747618;[];Ancient Greek art;;
Q189458;['Q968159', 'Q32880'];academic art;style of painting and sculpture produced under the influence of European academies of art;
Q21074330;['Q16743958'];church interior;genre in painting;
Q1185399;['Q16743958'];Fête galante;category of painting created to describe Antoine Watteau's variations on the theme of the fête champêtre;
Q466521;['Q1792379'];kinetic art;art genre of artworks that contains movement;https://upload.wikimedia.org/wikipedia/commons/f/fb/Whirligig.jpg
Q18815437;['Q1792379'];back portrait;genre of portrait;
Q6642845;[];gisant;;
Q24205322;['Q1792379'];catafalque portrait;portrait of a dead person on a bier, sometimes the deathbed is the bier, but not always;https://upload.wikimedia.org/wikipedia/commons/c/c6/Am_Totenbett.jpg
Q14562306;['Q21711025'];bas-relief;type of sculpture format;https://upload.wikimedia.org/wikipedia/commons/5/51/Accident_de_char.JPG
Q784445;[];mobile;type of kinetic sculpture;
Q1051623;[];senses;hearing, sight, smell, taste, feel;https://upload.wikimedia.org/wikipedia/commons/1/14/Five_senses.jpg
Q733095;['Q1792379'];vanitas;type of symbolic work of art;https://upload.wikimedia.org/wikipedia/commons/7/7a/Pieter_Claesz%2C_Still_Life_with_a_Skull_and_a_Writing_Quill.jpg
Q2864555;[];Nanban art;;
Q53017426;['Q16743958'];Arthurian painting;painting genre depicting Arthurian universe, part of Arthurian art;
