id;classes;label;description;image
Q47141102;[];copper leaf;thin copper plank used to paint or engravure on;
Q11254;['Q10675206', 'Q169336', 'Q25403900'];table salt;mineral used as ingredient, composed primarily of sodium chloride (NaCl);https://upload.wikimedia.org/wikipedia/commons/2/28/Salt_-_close-up.jpg
Q12981547;['Q3300034', 'Q127418'];India ink;simple black or colored ink;
Q45190;['Q131790', 'Q2908004'];cement;Hydraulic binder used in the composition of mortar and concrete;
Q12043905;[];pastel;artwork made using pastels;https://upload.wikimedia.org/wikipedia/commons/4/4d/Edgar_Germain_Hilaire_Degas_045.jpg
Q3374395;[];Glue-size;;
Q28738320;[];sacrificial matter;Medium used to create cultual artwork and stemming from ritual sacrifice.;
Q39782;[];brass;alloy of copper and zinc;https://upload.wikimedia.org/wikipedia/commons/9/95/Brass.jpg
Q18668582;[];board;art medium;
Q1513685;[];laid paper;"type of paper having a ribbed texture imparted by the manufacturing process, predominantly used in Europe in the 12th–19th centuries, until supplanted by wove paper; today used by artists as a support for charcoal drawings";
Q335404;['Q1564871'];glaze;layer or coating of vitreous substance fused to a ceramic object;
Q219803;[];plywood;manufactured wood panel made from thin sheets of wood veneer;https://upload.wikimedia.org/wikipedia/commons/1/1d/Plywood.jpg
Q11421;[];magnet;material or object that produces a magnetic field;https://upload.wikimedia.org/wikipedia/commons/5/57/Magnet0873.png
Q673492;[];pentelic marble;marble from greece;
Q1090;['Q11344', 'Q21073023', 'Q189567'];silver;chemical element with atomic number 47;https://upload.wikimedia.org/wikipedia/commons/5/55/Silver_crystal.jpg
Q37083;['Q16521'];Olea europaea;species of plant;https://upload.wikimedia.org/wikipedia/commons/1/16/Olives_vertes.JPG
Q27740492;[];gesso board;board with gesso ground;
Q46947;['Q354025'];gabbro;mafic intrusive igneous rock;https://upload.wikimedia.org/wikipedia/commons/a/aa/GabbroRockCreek1.jpg
Q10480500;[];Ekeberg marble;;
Q35197;[];mirror;object that reflects light or sound;https://upload.wikimedia.org/wikipedia/commons/6/65/Mirror.globe.arp.500pix.jpg
Q58344150;['Q127418', 'Q3300034'];brown ink;brown ink used by artists;
Q156005;['Q1493054'];ebony;wood;https://upload.wikimedia.org/wikipedia/commons/3/3e/%C3%89bano.jpg
Q2650794;['Q23757'];alpine limestone;;
Q3115353;['Q206615'];granite;granite and similar stone used as a building or craft material;
Q1169888;[];distemper;type of paint;
Q3040094;['Q5633421'];Drugs;Peer-reviewed Scientific Journal;
Q2075708;['Q1493054'];oak;type of wood obtained from oak trees;
Q287;[];wood;fibrous material from trees or other plants;https://upload.wikimedia.org/wikipedia/commons/4/4b/16_wood_samples.jpg
Q172587;[];stainless steel;steel alloy resistant to corrosion;https://upload.wikimedia.org/wikipedia/commons/3/35/Stainless_Steel_Seamless_Pipe_and_Tube.jpg
Q12280;[];bridge;structure built to span physical obstacles;https://upload.wikimedia.org/wikipedia/commons/5/57/The_%C2%B4Friendship_Bridge%C2%B4_between_Paraguay_and_Brazil2.jpg
Q622424;['Q11658'];Tesla coil;electrical resonant transformer circuit invented by Nikola Tesla;https://upload.wikimedia.org/wikipedia/commons/1/1b/Nikola_Tesla_Smiljan_16.jpg
Q1416517;[];carton;life-size drawing on cardboard, used as a design for an artwork;https://upload.wikimedia.org/wikipedia/commons/2/2e/Edward_Burne-Jones_Daniel_1873.jpg
Q268146;['Q4167410'];Board;Wikimedia disambiguation page;
Q35922;['Q16521'];Bambuseae;tribe of plants;https://upload.wikimedia.org/wikipedia/commons/2/2b/BambooKyoto.jpg
Q189085;['Q3300034'];pastel;art medium;https://upload.wikimedia.org/wikipedia/commons/0/0c/Pastels_at_Corcoran_-_Stierch.jpg
Q2288038;['Q1493054'];walnut wood;type of wood;https://upload.wikimedia.org/wikipedia/commons/9/9a/Oberfl%C3%A4che_Wohnzimmertisch.JPG
Q1971493;['Q15303351'];slip;liquid mixture or slurry of clay and/or other materials suspended in water;
Q22657;[];concrete;composite construction material;
Q21279007;[];wove paper;writing paper with a uniform surface, not ribbed or watermarked;
Q652828;[];gelcoat;;
Q42948;[];wall;vertical structure, usually solid, that defines and sometimes protects an area;https://upload.wikimedia.org/wikipedia/commons/a/a7/2015_Zak%C5%82ad_Karny_w_K%C5%82odzku_02.JPG
Q11240146;['Q3300034'];inkstick;;https://upload.wikimedia.org/wikipedia/commons/e/ed/Inkstick.jpg
Q1348567;['Q16521'];Vitellaria paradoxa;species of plant;https://upload.wikimedia.org/wikipedia/commons/0/0c/Vitellaria_paradoxa_MS_6563.JPG
Q127418;[];ink;liquid or paste that contains pigments or dyes;https://upload.wikimedia.org/wikipedia/commons/9/90/Ink-stain-texture-9.jpg
Q1420;[];car;road vehicle powered by a motor, designed to carry a driver and a small number of passengers, and usually having two front and two rear wheels, esp. for private, commercial, or leisure use;https://upload.wikimedia.org/wikipedia/commons/2/2b/Lexus_LF-A_Pic_2.JPG
Q581776;[];boulder;natural rock fragment (larger than 200 mm in diameter according to ISO 14688);https://upload.wikimedia.org/wikipedia/commons/d/d4/Szczecin_Park_Zeromskiego_glaz_narzutowy_Adam_pomnik_przyrody.jpg
Q757022;[];sett;piece of natural stone used for paving roads, sett is distinct from a cobblestone by being quarried and shaped to a regular form, whereas cobblestone naturally have a rounded shape due to erosion;https://upload.wikimedia.org/wikipedia/commons/6/68/Kasseien.jpg
Q3404720;['Q151885'];tincture;colour used to emblazon a coat of arms in heraldy;
Q1334655;['Q206615'];Terrazzo;cementitious composite material, usually used in flooring;
Q922672;[];gas-discharge lamp;;
Q22731;[];stone;"rock; building material";https://upload.wikimedia.org/wikipedia/commons/c/c1/Beach_Stones_2.jpg
Q614467;['Q4167410'];brush;tool with bristles, wire or other filaments, used for cleaning, grooming hair, make up, painting, surface finishing and for many other purposes;https://upload.wikimedia.org/wikipedia/commons/6/6e/Pinceaux_beaux-arts.JPG
Q207849;['Q3300034'];acrylic paint;paint type;
Q296955;['Q3300034'];oil paint;type of slow-drying paint;https://upload.wikimedia.org/wikipedia/commons/4/47/Maslo_maslo.jpg
Q82337;[];Portland limestone;limestone quarried on the Isle of Portland, Dorset, England;
Q928240;[];Red Verona marble;;
Q897;['Q11344', 'Q1924900'];gold;chemical element with the atomic number of 79;https://upload.wikimedia.org/wikipedia/commons/d/d7/Gold-crystals.jpg
Q27102802;[];;;
Q3878576;[];polymer concrete;;
Q1426327;[];linen;textile made from spun flax fiber;https://upload.wikimedia.org/wikipedia/commons/7/71/Textielmuseum-cabinet-02.jpg
Q6432723;['Q3300034'];card stock;paper, thicker and more durable than normal writing or printing paper;
Q5638;[];bus;large road vehicle for transporting people;https://upload.wikimedia.org/wikipedia/commons/4/48/Verschillende_bussen.jpg
Q35872;['Q16103215'];boat;smaller watercraft;https://upload.wikimedia.org/wikipedia/commons/f/ff/Fishing_boat_ORL-3_Gdynia_Poland_2003_ubt.JPG
Q11457;['Q3071311'];cotton;plant fiber from the genus Gossypium;https://upload.wikimedia.org/wikipedia/commons/2/28/Cotton_-_%E0%B4%AA%E0%B4%B0%E0%B5%81%E0%B4%A4%E0%B5%8D%E0%B4%A4%E0%B4%BF_03.JPG
Q5861;[];glass fiber;material consisting of numerous extremely fine fibers of glass;https://upload.wikimedia.org/wikipedia/commons/e/e2/Glasfaser_Roving.jpg
Q1952694;[];;;
Q43338;['Q108689'];basalt;mafic igneous rock;https://upload.wikimedia.org/wikipedia/commons/0/08/BasaltUSGOV.jpg
Q16848225;['Q10855242'];Indian Ink;female race horse;
Q1514256;['Q3300034'];gesso;paint mixture;
Q12177156;[];neon lighting;;https://upload.wikimedia.org/wikipedia/commons/d/df/Neon.JPG
Q188245;[];polyester;category of polymers;https://upload.wikimedia.org/wikipedia/commons/c/cd/SEMexample.jpg
Q11472;[];paper;thin, flexible material mainly used for writing upon, printing upon, drawing or for packaging;https://upload.wikimedia.org/wikipedia/commons/e/ea/Paperball_2.jpeg
Q3388049;[];;;
Q13672700;[];exposed aggregate concrete;concrete with exposed aggregates;
Q575018;['Q1493054'];lime;wood;
Q657304;[];visiting card;small paper card with one's name printed on it, and often bearing an artistic design;https://upload.wikimedia.org/wikipedia/commons/c/cf/Louis_Pasteur%27s_visiting_card%2C_France%2C_1888-1896_Wellcome_L0057280.jpg
Q21744098;[];rock drill;tool for drilling rock;
Q3388051;[];Pietra serina;;
Q1424515;[];charcoal;"form of dry art medium used by artists for their versatile properties such as the rough texture that leaves marks less permanent than other art media; made of finely ground organic materials that are held together by a gum or wax binder";https://upload.wikimedia.org/wikipedia/commons/4/4a/Charcoal_sticks_051907.jpg
Q49444;[];cork;material derived from the cork oak;https://upload.wikimedia.org/wikipedia/commons/f/fa/Cork_p1160013.jpg
Q4998000;['Q1231896'];buon fresco;;
Q180884;['Q429795'];onyx;banded variety of the mineral chalcedony;https://upload.wikimedia.org/wikipedia/commons/8/80/Onyx.jpg
Q5295538;[];woven fabric;textile formed by weaving;https://upload.wikimedia.org/wikipedia/commons/b/b8/Jute_nahtlos.png
Q130693;[];porcelain;ceramic material;https://upload.wikimedia.org/wikipedia/commons/8/84/Vieiradecastro.jpg
Q1000370;['Q16521'];Pinales;order of plants, the conifers;https://upload.wikimedia.org/wikipedia/commons/3/3e/Pineflower9538.jpg
Q716;['Q11344'];titanium;element with the atomic number of 22;https://upload.wikimedia.org/wikipedia/commons/d/db/Titan-crystal_bar.JPG
Q193897;['Q3300034'];paint brush;brush for painting;https://upload.wikimedia.org/wikipedia/commons/3/3e/Blush.JPG
Q114675;['Q3977918'];mica;phyllosilicate minerals;https://upload.wikimedia.org/wikipedia/commons/d/d9/Biotite-Orthoclase-229808.jpg
Q14674;[];pencil;writing implement;https://upload.wikimedia.org/wikipedia/commons/c/c3/2014-01-16-Hittegods_%2812009261426%29.jpg
Q2046308;['Q1493054'];spruce;type of wood;https://upload.wikimedia.org/wikipedia/commons/2/28/Wood_picea_abies.jpg
Q1322038;[];feldspathoid;silica poor tectosilicates, mineral grouping;
Q325173;[];bluestone;blue grayish granite only found in Belgium;
Q11426;[];metal;element, compound, or alloy that is a good conductor of both electricity and heat;https://upload.wikimedia.org/wikipedia/commons/1/1b/Kuki_linux_screenshot_xfce.png
Q39072325;['Q482994'];Oleo;;
Q193970;['Q11173', 'Q8054', 'Q863583'];casein;chemical compound;https://upload.wikimedia.org/wikipedia/commons/7/76/Case%C3%ADnas.jpg
Q1318740;[];electric lamp;electrical component;
Q145205;[];resin;solid or highly viscous substance of plant or synthetic origin;https://upload.wikimedia.org/wikipedia/commons/6/6e/Resin_with_insect_%28aka%29.jpg
Q239481;['Q429795'];electrum;natural alloy of gold and silver;https://upload.wikimedia.org/wikipedia/commons/3/3a/Electrum_on_quartz_Telluride_%28cropped%29.jpg
Q1636041;['Q906356', 'Q131790'];soluble glass;aqueous solution of sodium, potassium and lithium silicates;
Q1124525;[];;;
Q1366174;[];panel;individual frame in the multiple-panel sequence of a comic;https://upload.wikimedia.org/wikipedia/commons/e/e9/Petit_Sammy_%C3%A9ternue.jpg
Q216944;['Q16521'];Juglandaceae;family of trees;https://upload.wikimedia.org/wikipedia/commons/9/9d/Juglans_regia_Broadview.jpg
Q493615;[];marker;type of writing tool;https://upload.wikimedia.org/wikipedia/commons/9/92/Filzstifte1.jpg
Q530040;[];Jura limestone;;
Q81683;['Q3300034'];varnish;transparent, hard, protective finish or film used in painting;
Q265868;[];bone;rigid organs that constitute part of the endoskeleton of vertebrates;https://upload.wikimedia.org/wikipedia/commons/7/79/Bone%2C_England%2C_1870-1909_Wellcome_L0057379.jpg
Q13414920;['Q3071311'];hemp fiber;fiber derived from Cannabis sativa;https://upload.wikimedia.org/wikipedia/commons/7/76/Sambe.jpg
Q7845071;['Q1231896'];trois crayons;drawing technique;
Q23757;[];limestone;sedimentary rocks made of the chemical substance calcium carbonate;https://upload.wikimedia.org/wikipedia/commons/d/d1/Limestone_Formation_In_Waitomo.jpg
Q69158;[];crayon;drawing implement;https://upload.wikimedia.org/wikipedia/commons/4/4d/Crayones_cera.jpg
Q849988;['Q16521'];Bronze-tailed Peacock-Pheasant;species of bird;https://upload.wikimedia.org/wikipedia/commons/b/ba/Eperonnier_a_queue_bronzee_dage_0g.jpg
Q108728;['Q181790'];linoleum;floor covering;https://upload.wikimedia.org/wikipedia/commons/9/93/Schody_s_linoleem.jpg
Q506;[];flower;structure found in some plants (division Magnoliophyta / angiosperms) to support reproduction;https://upload.wikimedia.org/wikipedia/commons/0/0f/Flores.gif
Q165254;['Q55076514'];turquoise;opaque, blue-to-green mineral that is a hydrous phosphate of copper and aluminium;https://upload.wikimedia.org/wikipedia/commons/d/d9/Turquoise_with_quartz.jpg
Q8191842;['Q1231896'];gouache;painting technique;
Q3531018;['Q37756'];Panchaloha;;https://upload.wikimedia.org/wikipedia/commons/e/ee/Panchaloha.jpg
Q1283378;[];Stainless steel (technical sense);stainless steel which may not be corrosion resistant;
Q1503211;['Q1493054', 'Q15303351'];pine;type of wood;https://upload.wikimedia.org/wikipedia/commons/e/e3/Pine_Chest_of_Drawers_Handle.JPG
Q320441;[];adhesive tape;strip of material backed with adhesive;https://upload.wikimedia.org/wikipedia/commons/2/25/Sticky_tape.jpg
Q1473346;['Q11177771'];stained glass;decorative window composed of pieces of coloured glass;
Q181908;[];andesite;intermediate igneous rock;https://upload.wikimedia.org/wikipedia/commons/1/1f/Amygdaloidal_andesite.jpg
Q1349162;[];reed pen;type of writing implement;
Q317802;['Q1075', 'Q56053097'];silver;metallic color tone resembling gray that is a representation of the color of polished silver;https://upload.wikimedia.org/wikipedia/commons/4/4f/Color_icon_silver.svg
Q430062;['Q429795'];labradorite;mineral: intermediate member of a solid solution series (50 to 70 % anorthite and albite);https://upload.wikimedia.org/wikipedia/commons/5/5d/Labradorite_detail.jpg
Q1963100;[];;;
Q11022;['Q44409287'];screw;type of fastener characterized by a thread wrapped around a cylinder;https://upload.wikimedia.org/wikipedia/commons/b/b4/BOLT_SCREW_UBT_198.JPG
Q707896;['Q47069'];steatite;type of metamorphic rock;https://upload.wikimedia.org/wikipedia/commons/0/0e/Mineraly.sk_-_mastenec.jpg
Q2556927;[];tinplate;thinly coated sheets of wrought iron or steel with tin;https://upload.wikimedia.org/wikipedia/commons/3/36/Weissblech_verpackungsstahl.jpg
Q25631150;['Q3300034'];fresco;type of paint;
Q21328992;[];;;
Q485537;[];odor;thing sensed by smell;
Q294333;['Q4167410'];Marble;Wikimedia disambiguation page;
Q161210;['Q174211', 'Q10913792', 'Q21074597', 'Q101497', 'Q11173'];formaldehyde;chemical compound;https://upload.wikimedia.org/wikipedia/commons/a/a3/Formaldehyde-3D-vdW.png
Q82001;[];ivory;material derived from the tusks and teeth of animals;https://upload.wikimedia.org/wikipedia/commons/0/05/Elfenbein_verarbeitet.jpg
Q143447;['Q429795'];alabaster;gypsum variety;https://upload.wikimedia.org/wikipedia/commons/c/c8/Alabaster.jpg
Q192296;[];weaving;technology for the production of textiles;https://upload.wikimedia.org/wikipedia/commons/2/27/C%2BB-Weaving-Fig1-BeniHasanWeavingDepiction.PNG
Q286;[];leather;durable and flexible material created by the tanning of animal rawhide and skin;https://upload.wikimedia.org/wikipedia/commons/5/5c/Leathertools.jpg
Q686520;['Q209939'];Oil on Canvas;album by Japan;
Q12321255;[];canvas;painting surface;https://upload.wikimedia.org/wikipedia/commons/2/2f/3D_Schildersdoek.JPG
Q3433045;[];Ripolin;brand of paint;
Q40861;[];marble;non-foliated metamorphic rock commonly used for sculpture and as a building material;https://upload.wikimedia.org/wikipedia/commons/3/36/NAXOS-1.jpg
Q1066536;['Q3300034'];rice paper;paper made from rice;
Q45621;[];ceramic;inorganic, nonmetallic solid prepared by the action of heat;https://upload.wikimedia.org/wikipedia/commons/e/e3/Ishtar_Gate_at_Berlin_Museum.jpg
Q621642;[];appliqué;textile works created by applying shapes or patterns in one material onto another material;https://upload.wikimedia.org/wikipedia/commons/e/e9/Hawaiian_Applique_Quilt_2.jpg
Q213096;[];seashell;hard, protective outer layer created by an animal that lives in the sea;https://upload.wikimedia.org/wikipedia/commons/e/ed/Shells_of_marine_Mollusc1.jpg
Q1783255;[];colored pencil;art medium;https://upload.wikimedia.org/wikipedia/commons/0/08/Colored_pencils_chevre.jpg
Q1808397;[];masonite;type of hardboard;https://upload.wikimedia.org/wikipedia/commons/c/cf/Masonit_baksida.jpg
Q15315;[];schist;metamorphic rock;https://upload.wikimedia.org/wikipedia/commons/8/86/Chlorite_schist.jpg
Q7800690;[];ticking;"strong, densely-woven cotton or linen fabric, used for mattresses, pillows, and upholstery; often striped";https://upload.wikimedia.org/wikipedia/commons/5/5c/Settee_ticking_fabric_upholstery.jpg
Q2386424;[];enamel paint;paint that air dries to a hard, usually glossy, finish, used for coating surfaces that are outdoors or otherwise subject to hard wear or variations in temperature;
Q1397443;[];fiberboard;type of engineered wood product that is made out of wood fibers;
Q468402;[];tile;manufactured piece of hard-wearing material;https://upload.wikimedia.org/wikipedia/commons/4/48/Cyprus_floor_tile.jpg
Q5;['Q22302160', 'Q55983715'];human;common name of Homo sapiens, unique extant species of the genus Homo;https://upload.wikimedia.org/wikipedia/commons/9/93/Human.svg
Q53754;['Q107749'];obsidian;naturally occurring volcanic glass;https://upload.wikimedia.org/wikipedia/commons/8/8c/ObsidianOregon.jpg
Q1763906;['Q482994'];Watercolors;album by Pat Metheny;
Q725;['Q11344'];chromium;chemical element with the atomic number of 24;https://upload.wikimedia.org/wikipedia/commons/0/08/Chromium_crystals_and_1cm3_cube.jpg
Q16744570;[];tablet;plane object, usually covered with some letters or pictures;
Q274988;[];plaster;general term for a broad range of building materials;https://upload.wikimedia.org/wikipedia/commons/e/eb/Plaster_-_Putz_in_Pompeji.JPG
Q5056949;['Q1493054'];cedar wood;one of several types of wood;
Q7224880;[];fiberglass;Type of fiber-reinforced plastic where the reinforcement fiber is specifically glass fiber;
Q173242;['Q11177771'];woodcut technique;relief printing technique — print produced by xylography technique;https://upload.wikimedia.org/wikipedia/commons/2/2a/G%C3%B6tz_von_Berlichingen.jpeg
Q25504;[];light-emitting diode;semiconductor light source;https://upload.wikimedia.org/wikipedia/commons/9/9e/Verschiedene_LEDs.jpg
Q29838373;[];horn;material;https://upload.wikimedia.org/wikipedia/commons/a/a3/Briri_QKFV.jpg
Q894886;['Q15303351'];;;
Q82658;['Q735160', 'Q55076514'];gypsum;mineral, calcium sulfate with bounded water;https://upload.wikimedia.org/wikipedia/commons/c/c1/Structuur_Medisch_Caliumsulfaat.JPG
Q1075;['Q4373292'];color;visual perception of light wavelengths;https://upload.wikimedia.org/wikipedia/commons/b/b1/Colouring_pencils.jpg
Q18761202;[];watercolor painting;flat surface artistically covered with watercolor paint;https://upload.wikimedia.org/wikipedia/commons/2/2d/Caer_Bwdy_Mill_1894.jpg
Q283;['Q11173', 'Q50690', 'Q2788607'];water;chemical compound;https://upload.wikimedia.org/wikipedia/commons/2/25/H2O.jpg
Q535814;['Q3300034', 'Q902638', 'Q169336', 'Q189567'];gum arabic;mixture;https://upload.wikimedia.org/wikipedia/commons/e/ed/Acacia_senegal_-_K%C3%B6hler%E2%80%93s_Medizinal-Pflanzen-004.jpg
Q5647631;[];handscroll;long narrow scroll for displaying painting and calligraphy;
Q708;['Q11344'];lead;chemical element with atomic number 82;https://upload.wikimedia.org/wikipedia/commons/e/e6/Lead_electrolytic_and_1cm3_cube.jpg
Q2913442;[];Limoges enamel;;https://upload.wikimedia.org/wikipedia/commons/2/2b/Reliquary_Thomas_Becket_MNMA_Cl22596.jpg
Q265559;[];casein paint;;
Q222560;[];quiver;container for arrows, bolts, or darts;https://upload.wikimedia.org/wikipedia/commons/6/6a/Archer_carquois.jpg
Q503100;['Q917125'];vinyl;functional group;
Q4927228;[];intonaco;thin final layer of plaster on which a fresco is painted;https://upload.wikimedia.org/wikipedia/commons/7/74/Fireproofing.jpg
Q160137;[];ballpoint pen;pen that dispenses ink over a metal ball at its point;https://upload.wikimedia.org/wikipedia/commons/f/fd/Ballpoint-pen-parts.jpg
Q618710;[];gauze;thin translucent fabric with a open weave;https://upload.wikimedia.org/wikipedia/commons/9/9b/Woman%27s_Dress_LACMA_M.2007.211.18_%283_of_5%29.jpg
Q2412125;['Q1231896'];highlight;painting technique;
Q34679;[];sand;granular material composed of finely divided rock and mineral particles, sand particles range in diameter from 0.063 to 2 mm (per ISO 14688);https://upload.wikimedia.org/wikipedia/commons/9/9f/Arena_de_Playa.JPG
Q60424;[];terracotta;clay-based unglazed or glazed ceramic;https://upload.wikimedia.org/wikipedia/commons/1/1d/Terracotta_of_Chiththannavasal.jpg
Q54920086;[];picrolite;fibrous variety of serpentine;
Q207079;['Q532'];slate;fine-grained, foliated, homogeneous, weakly metamorphic rock;https://upload.wikimedia.org/wikipedia/commons/a/af/SlateUSGOV.jpg
Q1471060;[];tissue paper;;https://upload.wikimedia.org/wikipedia/commons/4/46/Taschentuch.JPG
Q901944;['Q3300034'];sanguine;chalk of a reddish-brown colour;
Q1164918;[];drawing board;is used to produce technical drawings and architectural drawings;
Q174705;['Q1231896'];oil painting;process of painting with pigments that are bound with a medium of drying oil;https://upload.wikimedia.org/wikipedia/commons/4/4f/Pittura-Painting4.JPG
Q23154;['Q515'];Bristol;city in South West England;https://upload.wikimedia.org/wikipedia/commons/f/f7/Bristol_landmarks_collage.png
Q5309;['Q55076514'];graphite;allotrope of carbon, mineral, substance;https://upload.wikimedia.org/wikipedia/commons/f/f3/GraphiteUSGOV.jpg
Q45108;['Q16521'];Linum usitatissimum;species of plant;https://upload.wikimedia.org/wikipedia/commons/5/51/Linum_usitatissimum_001.JPG
Q422884;['Q11173', 'Q12140'];urethane;chemical compound;
Q55654686;[];;;
Q43010;['Q55076514'];quartz;mineral composed of silicon and oxygen atoms in a continuous framework of SiO₄ silicon–oxygen tetrahedra, with each oxygen being shared between two tetrahedra, giving an overall chemical formula of SiO₂;https://upload.wikimedia.org/wikipedia/commons/c/ce/Quartz_Br%C3%A9sil.jpg
Q18749275;['Q3231690'];Ford Festiva;;https://upload.wikimedia.org/wikipedia/commons/4/46/1998_Ford_Festiva_%28WF%29_Trio_3-door_hatchback_%282010-07-19%29.jpg
Q504825;[];net;textile in which the warp and weft yarns are looped or knotted at their intersections;https://upload.wikimedia.org/wikipedia/commons/9/9d/Netten%2802%29.jpg
Q11469;['Q15831577', 'Q214609'];glass;amorphous solid that exhibits a glass transition when heated towards the liquid state;https://upload.wikimedia.org/wikipedia/commons/f/f7/Glas_halbvoll.JPG
Q1027977;['Q1231896'];camaieu technique;woodcut printing technique;
Q901731;[];umber;brown or reddish-brown earth pigment;https://upload.wikimedia.org/wikipedia/commons/5/54/Terra_ombra_naturale_umber.jpg
Q142274;[];sandpaper;abrasive material used for smoothing softer materials;https://upload.wikimedia.org/wikipedia/commons/9/90/Schleifpapier_verschiedene_Sorten.jpg
Q14917025;['Q23757'];Hopton Wood stone;limestone;
Q860451;['Q37756'];wrought iron;iron alloy with a very low carbon content;https://upload.wikimedia.org/wikipedia/commons/5/52/Wrought_iron_railing.jpg
Q1143785;[];telephone booth;small structure furnished with a payphone;https://upload.wikimedia.org/wikipedia/commons/9/94/Telefonboks%2C_andelslandsbyen_Nyvang.jpg
Q3046705;['Q3300034', 'Q5447188'];gum arabic solution;solution made of gum arabic;
Q250009;['Q215380'];Mesh;band;https://upload.wikimedia.org/wikipedia/commons/b/b1/Mesh_Blackfield_2015_09.jpg
Q23767;['Q11173', 'Q902638', 'Q12140', 'Q27766119'];calcium carbonate;chemical compound;https://upload.wikimedia.org/wikipedia/commons/0/04/Calcium_carbonate.jpg
Q3179385;[];azulejo;Spanish and Portuguese painted tiles;https://upload.wikimedia.org/wikipedia/commons/9/98/Niculoso_Alcazar_Seville.jpg
Q2718320;[];Venetian glass;;
Q2722041;[];copper;reddish brown color;https://upload.wikimedia.org/wikipedia/commons/c/cc/Color_icon_copper.png
Q726997;[];Fabric;Neighbourhood of Timisoara, Romania;
Q44377;[];tunnel;underground passage;https://upload.wikimedia.org/wikipedia/commons/9/98/SMP_May_2008-9a.jpg
Q263125;[];fibre-reinforced plastic;composite material made of a polymer matrix reinforced with fibres;
Q1519445;[];Gaize;Marlite;https://upload.wikimedia.org/wikipedia/commons/1/16/Marlite_Geopark_Prague_2014_1.jpg
Q746026;['Q1493054'];fir wood;type of wood;https://upload.wikimedia.org/wikipedia/commons/c/c0/Furnier_tanne.jpg
Q753016;['Q42045'];diabase;rock;https://upload.wikimedia.org/wikipedia/commons/4/49/Polished_Diabase.jpg
Q831579;[];concrete pipe;;
Q146368;['Q81163'];polyvinyl chloride;Polymer;
Q166409;['Q47069'];gneiss;common and widely distributed type of rock;https://upload.wikimedia.org/wikipedia/commons/6/60/Gneiss.jpg
Q43436;[];pearl;hard object produced within the soft tissue of a living shelled mollusc;https://upload.wikimedia.org/wikipedia/commons/d/d7/Akoya_pearl.jpg
Q752633;['Q11177771'];linocut technique;printmaking technique;
Q572879;[];plasterwork;construction or ornamentation done in plaster or a similar material;
Q216798;['Q47069'];lapiz lazuli;contact metamorphic rock containing lazurite, pyrite and calcite, mainly;https://upload.wikimedia.org/wikipedia/commons/a/a6/Lapis_lazuli_block.jpg
Q171917;['Q55076514'];calcite;carbonate mineral;https://upload.wikimedia.org/wikipedia/commons/5/54/Calcite_USA.jpg
Q1348059;[];panel;thin wooden plank used to paint on;
Q2050687;['Q429795'];rock crystal;transparent, colourless form of quartz;https://upload.wikimedia.org/wikipedia/commons/f/f5/Quartz_Saint_Lary_Ari%C3%A8ge.jpg
Q929186;['Q15303351'];gold leaf;art medium;https://upload.wikimedia.org/wikipedia/commons/d/da/Kanazawa_Gold_Factory.jpg
Q677;['Q11344'];iron;chemical element 26 or simple substance composed thereof;https://upload.wikimedia.org/wikipedia/commons/a/ad/Iron_electrolytic_and_1cm3_cube.jpg
Q178032;['Q50002046'];electromagnet;type of magnet in which the magnetic field is produced by the flow of electric current;
Q45089;[];die;throwable object with multiple resting positions, used for generating random outcomes;https://upload.wikimedia.org/wikipedia/commons/a/a5/6sided_dice.jpg
Q295121;['Q4167410'];Card;Wikipedia disambiguation page;
Q30454810;['Q1493054'];holm oak;type of wood;
Q656004;['Q11173'];basic lead carbonate;chemical compound;
Q5567097;[];Glass casting;;
Q5604583;['Q22731'];Greenstone;Green-coloured stones (serpentine etc.) with symbolic value, notably in Mesoamerican and Māori cultures;
Q1143474;[];tracing paper;;https://upload.wikimedia.org/wikipedia/commons/4/4f/YupoTracingPaper-13022009710.png
Q109607;[];ruins;remains of human-made architecture;
Q93184;[];drawing;visual artwork in two-dimensional medium;https://upload.wikimedia.org/wikipedia/commons/1/1b/La_Madonna_che_Allatta_il_Figlio_-_Michelangelo_Buonarroti.png
Q830894;['Q214609'];stoneware;vitreous or semi-vitreous ceramic made primarily from stoneware clay or non-refractory fire clay;https://upload.wikimedia.org/wikipedia/commons/1/11/WesterwaldTopf3475.JPG
Q11990990;[];dimension stone;;
Q202251;[];asphalt;"sticky, black and highly viscous liquid or semi-solid form of petroleum; bitumen variety";https://upload.wikimedia.org/wikipedia/commons/1/17/Asphalt.JPG
Q1180158;[];shipping container;heavy duty container used for shipping;https://upload.wikimedia.org/wikipedia/commons/7/7a/Line3174_-_Shipping_Containers_at_the_terminal_at_Port_Elizabeth%2C_New_Jersey_-_NOAA.jpg
Q917545;[];greywacke;sandstone variety;https://upload.wikimedia.org/wikipedia/commons/0/07/Mineraly.sk_-_kremenec.jpg
Q55439;[];panel painting;painting made on a flat panel made of wood;
Q15402056;['Q15303351'];;;
Q868239;['Q3300034'];griffel;variety of stylus;https://upload.wikimedia.org/wikipedia/commons/a/ab/Schiefergriffel.jpg
Q43533;[];crystal;solid material whose constituent atoms, molecules, or ions are arranged in an ordered pattern extending in all three spatial dimensions;https://upload.wikimedia.org/wikipedia/commons/4/4a/Quartz_oisan.jpg
Q1143410;[];tow;coarse, broken fibers, removed during processing of bast fibers, used as padding, ropemaking, or to make short-staple yarns;https://upload.wikimedia.org/wikipedia/commons/3/34/Vlasvezels_%281%29.JPG
Q753;['Q11344'];copper;chemical element with the atomic number of 29;https://upload.wikimedia.org/wikipedia/commons/f/f0/NatCopper.jpg
Q1370417;['Q3300034'];stump;drawing tool;
Q183127;['Q26904132'];polychromy;art terminology and color method;https://upload.wikimedia.org/wikipedia/commons/c/c3/Antike_Polychromie_1.jpg
Q131877;[];natural rubber;polymer harvested from certain trees;https://upload.wikimedia.org/wikipedia/commons/f/f7/Butyl_rubber_gloves.JPG
Q4205252;[];italian pencil;art material;
Q187156;[];travertine;form of limestone deposited by mineral springs;https://upload.wikimedia.org/wikipedia/commons/a/ab/SANT_QUINT%C3%8D_DE_CAMBRILS_-_IB-253.JPG
Q107211;['Q3071311'];jute;bast fiber from the genus Corchorus;https://upload.wikimedia.org/wikipedia/commons/c/cb/Yute_-_Sacos.jpg
Q37756;[];alloy;mixture or metallic solid solution composed of two or more elements;https://upload.wikimedia.org/wikipedia/commons/d/de/Born_bronze_-_Bronze_casts.jpg
Q37681;['Q3071311'];silk;fine, lustrous, natural fiber produced by the larvae of various silk moths, especially the species Bombyx mori;https://upload.wikimedia.org/wikipedia/commons/c/c5/Khmersilk.JPG
Q17310518;[];graph paper;;
Q2052367;['Q40861'];Parian marble;;https://upload.wikimedia.org/wikipedia/commons/4/47/Paros_Venetian_Castle.JPG
Q16384750;[];;;
Q1569360;['Q3300034', 'Q3393683'];silverpoint;painting implement;
Q226697;[];parchment;animal skin processed for writing or painting on;https://upload.wikimedia.org/wikipedia/commons/c/cd/1532-08-20_Cochony_Not_4.jpg
Q1455223;['Q42302'];grog;;
Q44626;['Q392928', 'Q403523', 'Q6156156'];Cretaceous;third and last period of the Mesozoic Era;https://upload.wikimedia.org/wikipedia/commons/a/a7/Caspar_David_Friedrich%27s_Chalk_Cliffs_on_R%C3%BCgen.jpg
Q804070;[];Bisque;unglazed, white ceramic ware;https://upload.wikimedia.org/wikipedia/commons/e/ec/Ch%C3%A2teau_de_Versailles%2C_petit_appartement_de_la_reine_%282e_%C3%A9tage%29%2C_salle_%C3%A0_manger%2C_La_Nourrice%2C_Josse-Fran%C3%A7ois-Joseph_Leriche_d%27ap._Louis_Boizot_02-black_bg.jpg
Q22699;['Q16521'];Castanea sativa;species of plant;https://upload.wikimedia.org/wikipedia/commons/9/9d/Chestnuts.jpg
Q41177;[];granite;common type of intrusive, felsic, igneous rock with grained texture;https://upload.wikimedia.org/wikipedia/commons/e/e9/Calangianus%2C_cava_di_granito_dismessa_%2802%29.jpg
Q2641430;['Q11173'];high-density polyethylene;class of polyethylenes;
Q663;['Q11344', 'Q214609'];aluminium;metallic element of silvery appearance and low density;https://upload.wikimedia.org/wikipedia/commons/5/5d/Aluminium-4.jpg
Q2837979;[];aluminium foundry alloy;;
Q133067;[];mosaic;image made from an assemblage of small pieces of colored glass, stone, or other materials;https://upload.wikimedia.org/wikipedia/commons/2/2e/Arabischer_Maler_um_690_002.jpg
Q2167119;[];Rose granite;;https://upload.wikimedia.org/wikipedia/commons/3/38/Cote_Granite_Rose_pano.jpg
Q25999;[];sail;surface supported by a mast to propel a sailing vessel;https://upload.wikimedia.org/wikipedia/commons/d/dc/%D0%A0%D0%B8%D1%81%D1%83%D0%BD%D0%BA%D0%B8_%D0%BA_%D1%81%D1%82%D0%B0%D1%82%D1%8C%D0%B5_%C2%AB%D0%9F%D0%B0%D1%80%D1%83%D1%81%D0%B0%C2%BB._%D0%92%D0%BE%D0%B5%D0%BD%D0%BD%D0%B0%D1%8F_%D1%8D%D0%BD%D1%86%D0%B8%D0%BA%D0%BB%D0%BE%D0%BF%D0%B5%D0%B4%D0%B8%D1%8F_%D0%A1%D1%8B%D1%82%D0%B8%D0%BD%D0%B0_%28%D0%A1%D0%B0%D0%BD%D0%BA%D1%82-%D0%9F%D0%B5%D1%82%D0%B5%D1%80%D0%B1%D1%83%D1%80%D0%B3%2C_1911-1915%29.jpg
Q2303165;[];sinopia;dark reddish-brown natural earth pigment;
Q270699;[];silt;classification of soil or sediment;
Q103223;['Q55076514'];hematite;oxide mineral;https://upload.wikimedia.org/wikipedia/commons/0/0f/Hematite.JPG
Q29576193;[];silver ground;art medium;
Q725457;[];muslin;fine white cotton fabric, originally made in India;https://upload.wikimedia.org/wikipedia/commons/a/a1/Woman%27s_muslin_dress_c._1855.jpg
Q11650109;['Q15303351'];;;
Q500548;[];glue;sticky material (usually a liquid) that can stick two or more things together;
Q54822545;[];Oil on panel;painting technique;
Q170449;['Q169336'];mud;mixture of water and any combination of soil, silt, and clay;
Q50030;['Q1231896'];watercolor;practice of applying watercolor to a surface;https://upload.wikimedia.org/wikipedia/commons/b/bc/Dolceacqua43_-_Artista_locale_mentre_dipinge_un_acquarello.jpg
Q28870030;['Q1493054'];alderwood;type of wood;
Q213371;[];vitreous enamel;material made by fusing powdered glass to a substrate by firing;https://upload.wikimedia.org/wikipedia/commons/7/74/Medallion_St_Demetrios_Louvre_OA6457.jpg
Q14673;[];pebble;clast of rock (between 4-64 mm in diameter according to Wentworth-Udden scale);
Q10884;[];tree;perennial woody plant;https://upload.wikimedia.org/wikipedia/commons/9/9a/043_%286789151357%29.jpg
Q744;['Q11344', 'Q21073024', 'Q21074597'];nickel;chemical element with atomic number of 28;https://upload.wikimedia.org/wikipedia/commons/5/53/Electrolytic_nickel.jpg
Q17141444;['Q1231896'];Mischtechnik;method of painting with egg tempera, used in combination with oil based paints;
Q1964340;['Q1493054'];pearwood;type of wood;
Q30456678;['Q978'];poplar;temperate tree;
Q4259259;[];canvas;extremely heavy-duty plain-woven fabric;https://upload.wikimedia.org/wikipedia/commons/b/b8/Jute_nahtlos.png
Q18219090;[];woodcut print;print produced by xylography technique;https://upload.wikimedia.org/wikipedia/commons/6/60/Katsushika_Hokusai%2C_Japanese_-_Pilgrims_at_Kirifuri_Waterfall_on_Mount_Kurokami_in_Shimotsuke_Province_-_Google_Art_Project.jpg
Q33526;['Q811906'];stucco;material made of aggregates, a binder, and water;
Q335261;[];ornament;decoration used to embellish parts of a building or object;https://upload.wikimedia.org/wikipedia/commons/d/d9/Orna102-laufende-Endigungen.png
Q27615944;['Q860861'];;;https://upload.wikimedia.org/wikipedia/commons/8/8a/Sculptuur%2C_Morice_Lipsi%2C_Middelheim.jpg
Q1559132;['Q1493054'];willow wood;type of wood;
Q767608;['Q1075'];sepia;reddish-brown color, named after the rich brown pigment derived from the ink sac of the common cuttlefish Sepia;
Q200886;['Q484170'];Caves;commune in Aude, France;https://upload.wikimedia.org/wikipedia/commons/1/19/Caves%2C_Mairie.jpg
Q1129270;[];conté;drawing medium;
Q170258;[];feldspar;mineral group;https://upload.wikimedia.org/wikipedia/commons/1/1d/Feldspar-Group-291254.jpg
Q725158;[];structural steel;steel formed for use in construction;https://upload.wikimedia.org/wikipedia/commons/5/5a/L-I-Traeger.png
Q1024124;[];weathering steel;steel alloy forming a rust-look finish when exposed to weather;https://upload.wikimedia.org/wikipedia/commons/0/09/RichardSerra_Fulcrum2.jpg
Q208021;['Q25403900'];walnut;edible seed;https://upload.wikimedia.org/wikipedia/commons/1/11/Walnut03.jpg
Q37477;['Q40526'];fog;atmospheric phenomenon;https://upload.wikimedia.org/wikipedia/commons/7/75/A_spasso_nel_tempo.jpg
Q58809338;[];sauce;art medium;
Q147690;[];chalk stick;writing implement;https://upload.wikimedia.org/wikipedia/commons/7/78/MEK_II-426.jpg
Q727002;['Q4167410'];charter;grant of authority or rights;
Q1259027;[];duck;any of a range of strong, plain-woven fabrics, generally of cotton;https://upload.wikimedia.org/wikipedia/commons/b/b4/Cotton_duck.jpg
Q1543962;['Q824979'];shell limestone;lithostratigraphic unit in the geology of central and western Europe;
Q3387746;['Q108689'];Volvic stone;volcanic rock;
Q1737943;['Q3300034'];stretcher bars;painting implement;https://upload.wikimedia.org/wikipedia/commons/c/c1/Stretcher_bars.jpg
Q911285;[];hessian;woven fabric from jute or sisal;https://upload.wikimedia.org/wikipedia/commons/f/f8/Coffee_sacks.jpg
Q829298;['Q968159'];En plein air;act of painting outdoors;
Q5065283;[];Certosina;;
Q2523928;['Q1123417', 'Q830894'];fire clay;range of refractory clays used in the manufacture of ceramics;
Q428352;[];patina;acquired change of an object's surface through age and exposure;https://upload.wikimedia.org/wikipedia/commons/9/95/Crat%C3%A8re_de_Derveni_0001.jpg
Q31029;[];rope;linear collection of plies, yarns or strands which are twisted or braided together;https://upload.wikimedia.org/wikipedia/commons/2/2a/Rope.jpg
Q204330;['Q3300034'];gouache paint;paint consisting of pigment, a binding agent (usually gum arabic), and sometimes added inert material;https://upload.wikimedia.org/wikipedia/commons/b/b6/Gouache.jpg
Q756;['Q16521'];plant;multicellular eukaryote of the kingdom Plantae;https://upload.wikimedia.org/wikipedia/commons/6/6e/Diversity_of_plants_image_version_5.png
Q187408;[];diorite;grey to dark-grey intermediate intrusive igneous rock composed principally of plagioclase feldspar;https://upload.wikimedia.org/wikipedia/commons/e/ea/Diorite.jpg
Q11032;[];newspaper;scheduled publication containing news of events, articles, features, editorials, and advertising;https://upload.wikimedia.org/wikipedia/commons/2/2c/International_newspaper%2C_Rome_May_2005.jpg
Q402516;['Q1493054'];maple;type of wood;https://upload.wikimedia.org/wikipedia/commons/9/92/Ahorn-Maser_Holz.JPG
Q237883;['Q47069'];quartzite;hard, non-foliated metamorphic rock which was originally pure quartz sandstone;https://upload.wikimedia.org/wikipedia/commons/b/be/Quartzite_2_jpg.jpg
Q670;['Q11344', 'Q21073023'];silicon;chemical element with the atomic number of 14;https://upload.wikimedia.org/wikipedia/commons/e/e9/SiliconCroda.jpg
Q15479206;['Q16521'];Ormosia arborea;species of plant;https://upload.wikimedia.org/wikipedia/commons/4/4b/Ormosia_arborea.png
Q378274;['Q15303351'];vellum;parchment made from calf skin;https://upload.wikimedia.org/wikipedia/commons/e/ee/Magna_Carta_%28British_Library_Cotton_MS_Augustus_II.106%29.jpg
Q42962;[];oil;grease which is liquid at room temperature and cannot be mixed with water.;https://upload.wikimedia.org/wikipedia/commons/b/b1/Motor_oil_refill_with_funnel.JPG
Q5849500;[];cloth;any textile that is woven, felted, knit, pounded, or otherwise made into a flat piece;https://upload.wikimedia.org/wikipedia/commons/f/f1/Otavalo%2C_Ecuador_%2813519405313%29.jpg
Q737339;[];serpentinite;metamorphic rock;
Q20986885;['Q16521'];Populus nigra 'Italica';cultivar of Populus nigra;https://upload.wikimedia.org/wikipedia/commons/2/25/Populus_pyramidalis_tree_in_Almaty_city.JPG
Q1902763;[];mixed media;artwork that uses more than one medium;
Q444624;[];marouflage;technique for affixing a painted canvas to a wall or other support;
Q1621480;['Q3405827', 'Q960522'];Withy;material used for weaving;
Q911999;['Q206615'];Lime mortar;building material;
Q177463;[];charcoal;fuel;https://upload.wikimedia.org/wikipedia/commons/a/a1/Charcoal.jpg
Q6023318;[];Indiana limestone;limestone quarried in Indiana, United States;
Q4063215;[];quill;writing implement made from the feather of a large bird;https://upload.wikimedia.org/wikipedia/commons/e/e7/Quill_%28PSF%29_vector.svg
Q944070;['Q206615'];artificial stone;class of synthetic stone products;https://upload.wikimedia.org/wikipedia/commons/c/c3/Redlion.jpg
Q7234589;[];pot metal;;
Q1334300;['Q11177771'];gilding;covering object with layer of gold;https://upload.wikimedia.org/wikipedia/commons/5/57/Goldleaf.jpg
Q251473;[];foil;very thin sheet metal, usually made by hammering or rolling;
Q10678493;[];;;
Q1194725;['Q167270'];Styrofoam;trademark for expanded polystyrene;https://upload.wikimedia.org/wikipedia/commons/7/7c/Styropian.JPG
Q88512;[];gabion;;https://upload.wikimedia.org/wikipedia/commons/f/fa/Gabion1.jpg
Q1427865;[];metallic paint;;
Q907841;[];silver stain;;
Q6783802;['Q4830453'];Masonite International;;
Q13085;[];sandstone;type of sedimentary rock;https://upload.wikimedia.org/wikipedia/commons/6/6b/SmallCrater06_ST_08.JPG
Q1096;['Q11344'];tin;element with the atomic number of 50;https://upload.wikimedia.org/wikipedia/commons/2/2c/C%C3%ADn.PNG
Q1625473;['Q20011319'];wood fiber;part of a plant;https://upload.wikimedia.org/wikipedia/commons/0/0b/Engineered_Wood_Fiber.jpg
Q29838213;[];elephant ivory;ivory from elephants;https://upload.wikimedia.org/wikipedia/commons/0/05/Elfenbein_verarbeitet.jpg
Q1370714;[];lumber;wood that has been processed into beams and planks;https://upload.wikimedia.org/wikipedia/commons/9/99/Tarcica_brzozowa_suszona.JPG
Q3556065;[];verre églomisé;;
Q183670;[];chalk;soft, white, porous sedimentary rock;https://upload.wikimedia.org/wikipedia/commons/8/89/Chalk_%2825800474082%29.jpg
Q219423;[];mural;piece of artwork painted or applied directly on a large permanent surface;https://upload.wikimedia.org/wikipedia/commons/3/38/Tinnura_murales_5.jpg
Q183951;[];balloon;type of aerostat that remains aloft due to its buoyancy;https://upload.wikimedia.org/wikipedia/commons/c/cb/17._Th%C3%BCringer_Montgolfiade_-_29.jpg
Q27320976;[];;;
Q22669139;[];fresco;artwork produced via the fresco painting technique;https://upload.wikimedia.org/wikipedia/commons/f/fc/Crucifixion-Pietro_lorenzetti_fresco_san_frncesco_assisi.jpg
Q125576;[];papyrus;writing and painting implement;https://upload.wikimedia.org/wikipedia/commons/9/99/Papyrus.JPG
Q215690;[];granodiorite;igneous rock;https://upload.wikimedia.org/wikipedia/commons/d/db/Granodiorite_fine-grained.jpg
Q291034;['Q1493054'];poplar wood;type of wood;
Q3715160;[];suiting;any of various fabrics, often of worsted or wool-blends, that have body and respond well to traditional tailoring techiques;https://upload.wikimedia.org/wikipedia/commons/c/c4/Tweed_%283510266081%29.jpg
Q25381;['Q79529'];amber;fossilized tree resin;https://upload.wikimedia.org/wikipedia/commons/3/30/Amber_Bernstein_many_stones.jpg
Q209671;[];faience;tin-glazed pottery;https://upload.wikimedia.org/wikipedia/commons/c/c3/Tureen_Marseille_1770_DMA_1997-46.jpg
Q3387427;[];Euville stone;;
Q217164;['Q1724915'];floor;walking surface of a room;
Q1182043;[];;;
Q46871;['Q16521'];Juglans regia;species of plant;https://upload.wikimedia.org/wikipedia/commons/7/74/Noyer_centenaire_en_automne.JPG
Q182925;[];fluorescent lamp;;
Q518350;[];copper alloy;metal alloy with copper as its principal component;
Q3387833;['Q3300034'];black chalk;drawing implement;
Q1312705;[];sheet iron;iron worked into a thin, flat sheet;
Q134194;['Q1231896'];fresco painting;technique of mural painting executed upon freshly laid lime plaster;https://upload.wikimedia.org/wikipedia/commons/0/0e/Fra_Angelico_-_The_Annunciation_-_WGA00555.jpg
Q1138737;[];lamp;source of light;https://upload.wikimedia.org/wikipedia/commons/1/1c/DiwaliOilLampCrop.JPG
Q28942722;[];yew wood;;
Q6772149;['Q486972'];Marmol;human settlement in Afghanistan;
Q1367022;['Q1493054'];ash;type of wood;
Q18704961;[];canvas board;painting surface made of fabric on cardboard;
Q389782;[];cardboard;heavy-duty paper of various strengths;https://upload.wikimedia.org/wikipedia/commons/9/9c/Almost_done_%289046914035%29.jpg
Q56034026;['Q1493054'];;type of wood;
Q42302;['Q10926413'];clay;soft rock based compound often used for sculpture and tools;https://upload.wikimedia.org/wikipedia/commons/2/2c/Clay-ss-2005.jpg
Q967996;['Q1070521'];carbon steel;steel in which the main interstitial alloying constituent is carbon;
Q3155607;[];beaverboard;light wood-like building material;
Q10725696;[];;;
Q239788;['Q1493054'];mahogany;wood;https://upload.wikimedia.org/wikipedia/commons/3/34/Swietenia_macrophylla_wood.jpg
Q37930;[];postage stamp;small piece of paper that is purchased and displayed on an item of mail as evidence of payment of postage;https://upload.wikimedia.org/wikipedia/commons/c/ca/Salvador_1892_Sc74.jpg
Q646;[];thermometer;device to measure temperature;https://upload.wikimedia.org/wikipedia/commons/2/21/Fieberthermometer_BW_2.JPG
Q165447;[];pen;writing implement;https://upload.wikimedia.org/wikipedia/commons/0/08/Many_colored_pens.jpg
Q1321267;[];egg tempera;;
Q483269;[];cast iron;iron or a ferrous alloy which has been liquefied then poured into a mould to solidify;https://upload.wikimedia.org/wikipedia/commons/1/14/Cast-Iron-Pan.jpg
Q146322;[];polyurethane;polymer composed of a chain of organic units joined by carbamate (urethane) links;https://upload.wikimedia.org/wikipedia/commons/7/75/Polyurethane_synthesis.svg
Q13427211;[];LED display;;
Q81025;[];feather;body-covering structure of birds;https://upload.wikimedia.org/wikipedia/commons/3/37/2_feathers.jpg
Q3362869;[];;;
Q9097059;['Q4167410'];Yeso;Wikimedia disambiguation page;
Q18593264;[];item of collection or exhibition;defines an item, such as an object or document, that is a member of a collection or part of a repository;
Q1251688;[];hardboard;type of fiberboard;
Q50998618;[];feather;animal material consisting of the keratinous plumage of birds;https://upload.wikimedia.org/wikipedia/commons/8/8a/Ornament_%28ST90%29_-_Costume_Accessory_-_MoMu_Antwerp.jpg
Q213761;[];spindle;spike used for spinning fibers into yarn;https://upload.wikimedia.org/wikipedia/commons/b/b5/Drop_spindles.jpg
Q9128;[];light;electromagnetic radiation in or near visible spectrum;https://upload.wikimedia.org/wikipedia/commons/5/5f/Spectrum4websiteEval.png
Q17514;[];graffiti;writing or drawings scribbled, scratched, or sprayed illicitly on a wall or other surface in a public place;https://upload.wikimedia.org/wikipedia/commons/2/2d/Graffiti-Bucharest.jpg
Q22915256;['Q3300034'];watercolor paint;paint used in watercolor painting;
Q177941;['Q17339814', 'Q16887380'];nylon;family of synthetic polymers originally developed as textile fibers;https://upload.wikimedia.org/wikipedia/commons/4/4d/Nylon6_and_Nylon_66.png
Q208045;['Q1075'];gold;color;https://upload.wikimedia.org/wikipedia/commons/e/ef/Color_icon_gold.svg
Q551997;[];wire;single, usually cylindrical, flexible strand or rod of metal;
Q143983;['Q193430', 'Q1888604'];epoxy;family of polymer;
Q146559;[];polyester resin;unsaturated synthetic resins formed by the reaction of dibasic organic acids and polyhydric alcohols;
Q83405;[];factory;facility where goods are made, or processed;https://upload.wikimedia.org/wikipedia/commons/a/ab/Workers_in_the_fuse_factory_Woolwich_Arsenal_Flickr_4615367952_d40a18ec24_o.jpg
Q814769;[];bone;material;
Q28823;[];textile;material produced by twining, weaving, felting, knotting, or otherwise processing natural or synthetic fibers;https://upload.wikimedia.org/wikipedia/commons/c/c0/Mantas_artesanales_en_la_ciudad_de_Salta.jpg
Q15123870;[];lithograph;printed image produced by lithography;https://upload.wikimedia.org/wikipedia/commons/5/53/PhiladelphiaPresidentsHouse.jpg
Q170593;['Q11177771'];collage art;technique of art production using assemblage of different forms;
Q750197;['Q1231896'];grisaille;painting in shades of gray;https://upload.wikimedia.org/wikipedia/commons/4/41/Magi_Herod_MNMA_Cl23532.jpg
Q1130872;['Q215380'];Oil;band;
Q329118;[];syenite;igneous rock;https://upload.wikimedia.org/wikipedia/commons/f/f8/Syenite.jpg
Q337238;['Q42045'];porphyry;variety of igneous rock;https://upload.wikimedia.org/wikipedia/commons/4/4f/S%C3%A4rna-Porphyr_P1000115.JPG
Q175166;['Q3300034'];tempera;painting medium consisting of colored pigment mixed with a water-soluble binder medium;
Q193685;[];tufa;porous limestone rock;https://upload.wikimedia.org/wikipedia/commons/5/51/Kalktuff-Block_Schloss-Tuebingen_2.jpg
Q1879281;['Q1493054'];larch wood;type of wood;
Q265894;[];clay earth pigment;;
Q998316;['Q1493054'];beech wood;type of wood;https://upload.wikimedia.org/wikipedia/commons/7/72/Bukkfa_001.jpg
Q474188;[];chisel;tool for cutting and carving wood, stone, metal, etc.;https://upload.wikimedia.org/wikipedia/commons/3/3e/Bordijzer.JPG
Q12214310;[];ceramic tile;;
Q11427;['Q214609'];steel;alloy made by combining iron and other elements;https://upload.wikimedia.org/wikipedia/commons/7/7a/Steel_wire_rope.png
Q1178397;['Q4167410'];Pasta;Wikimedia disambiguation page;
Q272999;['Q1914636'];masonry;"craft of a mason; stonework";https://upload.wikimedia.org/wikipedia/commons/b/b3/Mur_et_contreforts_du_c%C3%B4t%C3%A9_est_de_la_Grande_Mosqu%C3%A9e_de_Kairouan.jpg
Q3287568;[];;;
Q14934005;['Q214609'];paperboard;thick paper-based material;
Q758;['Q11344'];zinc;chemical element with the atomic number of 30;https://upload.wikimedia.org/wikipedia/commons/f/f9/Zinc_fragment_sublimed_and_1cm3_cube.jpg
Q190077;['Q11173'];zinc oxide;chemical compound;https://upload.wikimedia.org/wikipedia/commons/1/13/Zinc_oxide.jpg
Q24489;[];coal;combustible rock;https://upload.wikimedia.org/wikipedia/commons/b/b6/Coal.jpg
Q82025;['Q4936952'];horn;anatomical feature;https://upload.wikimedia.org/wikipedia/commons/e/e7/Mufflon-02.jpg
Q1414167;[];fond d'or;;
Q124695;['Q41014950'];wax;class of chemical compounds that are plastic (malleable) near ambient temperatures.;https://upload.wikimedia.org/wikipedia/commons/b/b5/MODOCeroline.jpg
Q17443567;[];wax paint;paint containing wax;
Q211367;[];sheet metal;metal formed by an industrial process into thin, flat pieces;https://upload.wikimedia.org/wikipedia/commons/5/58/Inside_of_a_tin_platted_can.jpg
Q161179;[];pigment;material that changes the color of reflected or transmitted light;https://upload.wikimedia.org/wikipedia/commons/f/fb/Indian_pigments.jpg
Q5405669;['Q16521'];Eucalyptus pilularis;species of eucalyptus;https://upload.wikimedia.org/wikipedia/commons/d/d4/Eucalyptus_pilularis_Chatswood.jpg
Q8063;[];rock;naturally occurring solid aggregate of one or more minerals or mineraloids;https://upload.wikimedia.org/wikipedia/commons/2/2f/Balanced_Rock.jpg
Q188212;['Q16521'];Galeocerdo cuvier;species of fish;https://upload.wikimedia.org/wikipedia/commons/3/39/Tiger_shark.jpg
Q907347;[];ferroalloy;class of iron alloys;
Q740353;[];iron gall ink;ink made from iron salts and tannic acids from vegetable sources;
Q1096367;[];emptiness;"human condition is a sense of generalized boredom, social alienation and apathy; feelings of emptiness often accompany dysthymia, depression, loneliness, anhedonia, despair, or other mental/emotional disorders";
Q1153946;[];plain weave;method of weaving cloth in which each warp and weft thread crosses over/under every other thread;https://upload.wikimedia.org/wikipedia/commons/4/4d/Tabby1.png
Q146243;['Q81163'];polystyrene;polymer;
Q837117;[];petrified wood;fossilized remains of plants;https://upload.wikimedia.org/wikipedia/commons/4/43/Martis%2C_foresta_fossile_di_Carrucana_%2806%29.jpg
Q40089;['Q206615'];brick;block or a single unit of a ceramic material used in masonry construction;https://upload.wikimedia.org/wikipedia/commons/0/01/Brick.jpg
Q20026824;[];plant fiber;fiber from fiber plants;https://upload.wikimedia.org/wikipedia/commons/a/ae/Afrik.JPG
Q40088;['Q40861'];Carrara marble;type of white or blue-grey marble popular for use in sculpture and building decor;
Q18545;[];ball;round object;https://upload.wikimedia.org/wikipedia/commons/9/91/Ball%2C_%E0%B4%AA%E0%B4%A8%E0%B5%8D%E0%B4%A4%E0%B5%8D.JPG
Q174219;[];paint;colored composition applied over a surface that dries as a solid film;https://upload.wikimedia.org/wikipedia/commons/c/c6/GreenPaintBucketRome.jpg
Q793078;[];Bentheimer sandstone;sandstone quarried in Bentheim, Germany;https://upload.wikimedia.org/wikipedia/commons/1/16/Herrgott_von_Bentheim.jpg
Q21550895;[];prepared paper;coated paper, , paper (fiber product), fiber products, , , , materials (matter), Materials (Hierarchy Name), Materials Facet;
Q18667172;[];composition board;painting medium;
Q184190;[];reinforced concrete;composite building material;
Q682083;[];Coade stone;stoneware that was often described as an artificial stone in the late 18th and early 19th centuries;https://upload.wikimedia.org/wikipedia/commons/c/c3/Redlion.jpg
Q11474;['Q1783121'];plastic;material of a wide range of synthetic or semi-synthetic organic solids;https://upload.wikimedia.org/wikipedia/commons/d/d3/Plastic_objects.jpg
Q34095;[];bronze;metal alloy;https://upload.wikimedia.org/wikipedia/commons/0/0e/Assorted_bronze_castings.JPG
Q7463524;['Q214609'];corrugated fiberboard;paper-based material consisting of a fluted corrugated sheet and one or two flat linerboards;
Q1417424;['Q1231896'];Glue-size;painting technique;
Q11607438;[];cotton;textile spun, plied, woven or knitted from cotton fiber;https://upload.wikimedia.org/wikipedia/commons/f/f3/Blue_chambray_cloth.JPG
Q1181960;[];covering color;;
Q253664;[];Egyptian faience;sintered-quartz ceramic;
Q28870512;['Q1493054'];chestnut wood;type of wood;
Q250423;['Q15727345', 'Q185006'];lime;calcium-containing inorganic mineral;https://upload.wikimedia.org/wikipedia/commons/5/56/Calcium_oxide_powder.JPG
Q3392630;[];;;
