id;classes;label;description;image;influenced_by
Q55995;['Q968159'];naturalism;art movement;https://upload.wikimedia.org/wikipedia/commons/b/b6/Henri_Biva%2C_A_Lily_Pond%2C_91.4_x_73.7_cm_%2836_x_29_in%29%2C_private_collection.jpg;[]
Q382056;['Q968159'];Pont-Aven School;art movement;https://upload.wikimedia.org/wikipedia/commons/1/1e/Paul_Gauguin_039.jpg;[]
Q62506;['Q968159'];Caravaggisti;followers of the 16th-century Italian Baroque painter Caravaggio;;[]
Q2164653;['Q17399019'];ancient Roman mural painting;;;[]
Q60797020;['Q968159'];naive symbolism;;;[]
Q1656682;[];event;temporary and scheduled event, like a festival or competition;;[]
Q131221;['Q968159', 'Q3326717', 'Q32880'];Futurism;artistic and social movement;;['Q42934']
Q3773653;['Q1792644', 'Q32880'];German Gothic;Gothic art in Central Europe, in the territories gravitating around the Holy Roman Empire.;https://upload.wikimedia.org/wikipedia/commons/1/13/MD_DomM%C3%B6.JPG;[]
Q867769;['Q1792644', 'Q32880', 'Q968159'];International Gothic;art style;https://upload.wikimedia.org/wikipedia/commons/3/3e/Bust_of_the_Virgin.jpg;[]
Q610687;['Q968159'];Venetian school;art movement;;[]
Q3108623;['Q968159', 'Q1747829', 'Q16334295'];Cuzco School;Roman Catholic art movement from Cusco, Peru;;[]
Q751880;['Q2198855'];japonism;European imitation of Japanese art during the 19th and 20th centuries;;['Q603399', 'Q185905']
Q934618;['Q2198855'];Danish Golden Age;;;[]
Q889525;['Q968159'];Cloisonnism;style of post-Impressionist painting;;[]
Q574985;['Q4502119', 'Q968159'];Macchiaioli;art movement;https://upload.wikimedia.org/wikipedia/commons/7/7c/Gruppo_di_macchiaioili_al_caff%C3%A8_michelangelo%2C_primi_del_%27900.JPG;[]
Q9038596;['Q4167836'];Category:Gothic revival art;Wikimedia category;;[]
Q326478;['Q968159', 'Q1792379'];land art;form of art creation in which landscape and the work of art are inextricably linked;https://upload.wikimedia.org/wikipedia/commons/8/84/Spiral-jetty-from-rozel-point.png;[]
Q755548;['Q968159'];Art of the Paleolithic;;https://upload.wikimedia.org/wikipedia/commons/1/1e/Lascaux_painting.jpg;[]
Q2368408;['Q3326717', 'Q968159', 'Q2198855'];artistic indianism;Brazilian literary and artistic movement;;[]
Q808561;['Q3326867'];Baroque painting;;https://upload.wikimedia.org/wikipedia/commons/4/48/The_Calling_of_Saint_Matthew-Caravaggo_%281599-1600%29.jpg;['Q184558', 'Q128168', 'Q89381']
Q1277524;[];Gothic sculpture;;;[]
Q3909471;['Q3326867'];;;;[]
Q182331;['Q968159'];Op art;art movement;;[]
Q18530670;['Q16334295', 'Q968159'];Pre Raphaelite women artists;Pre-Raphaelite women artists (active 1848–1870s);;[]
Q3374360;[];French painting in the 18th century;;;[]
Q207445;['Q15253354', 'Q1400264', 'Q968159', 'Q32880'];De Stijl;Dutch artistic movement;https://upload.wikimedia.org/wikipedia/commons/9/94/Stijl_vol_07_nr_79-84_front_cover.jpg;['Q42934', 'Q629307', 'Q318816', 'Q5604', 'Q130777', 'Q207103', 'Q6034']
Q16191884;['Q968159'];Neo-Grec;Neoclassical revival style of the mid-to-late 19th century that was popularized in architecture, the decorative arts, and in painting during France's Second Empire (1852–1870);;[]
Q848365;['Q968159'];primitivism;movement in Western art;;[]
Q39427;['Q968159'];Surrealism;international cultural movement that began in the early 1920s;;['Q6034', 'Q753683', 'Q6186']
Q8055874;['Q968159'];Yoruba art;art of the Yoruba people;;[]
Q170292;['Q968159', 'Q32880'];classicism;art movement;https://upload.wikimedia.org/wikipedia/commons/9/97/Nicolas_Poussin_-_L%27Inspiration_du_po%C3%A8te_%281629%29.jpg;[]
Q1580145;['Q968159'];Hellenistic sculpture;;;[]
Q28179;['Q3024240', 'Q417175', 'Q3624078'];Joseon;Korean kingdom, 1392 to 1897;;[]
Q847847;['Q3326867'];synthetism;art movement;;[]
Q134147;['Q968159', 'Q32880'];pop art;art movement;;['Q6034', 'Q131265', 'Q37038', 'Q1004', 'Q177725']
Q4689680;[];African American art;visual arts of the American black community;;[]
Q378604;['Q968159', 'Q56055944', 'Q1792379'];new media art;type of art that uses media technology;https://upload.wikimedia.org/wikipedia/commons/e/e4/A-Soapopera-for-iMacs.jpg;[]
Q102932;['Q968159'];avant-garde;works that are experimental or innovative;;[]
Q124354;['Q32880', 'Q968159', 'Q1792623'];Bauhaus;school in Germany that combined crafts and the fine arts;https://upload.wikimedia.org/wikipedia/commons/e/e1/Bauhaus.JPG;['Q160438', 'Q207445']
Q2914470;['Q3326867', 'Q1133779'];Renaissance art;art movement;;[]
Q1464842;['Q1231896'];tenebrism;painting technique;;[]
Q80113;['Q968159'];Expressionism;modernist art movement;;['Q117035', 'Q152778']
Q3484823;['Q968159'];simultanism;movement in abstract painting;;['Q271651']
Q1351977;['Q968159'];Stuckism;international art movement;;[]
Q466887;['Q2198855'];Belle Époque;period in European history, 1871 to 1914;;[]
Q911397;['Q32880'];Baroque Revival architecture;architectural style;;[]
Q3354732;[];Roman art;the visual arts made in Ancient Rome and in the territories of the Roman Empire;;[]
Q878985;['Q2198855', 'Q2915955'];modernism;movement of art, culture and philosophy;;[]
Q109260;['Q1400264'];Peredvizhniki;group of Russian realist artists;;[]
Q17183917;['Q10855242'];Tonalist;;;[]
Q2498493;[];Pleinairisme;;;[]
Q962151;[];classical sculpture;;;[]
Q186030;['Q968159'];contemporary art;art of the present time beginning with Pop Art and Conceptual Art;https://upload.wikimedia.org/wikipedia/commons/d/dd/Art_%26_Language%2C_Untitled_Painting_%281965%29%2C_Tate_Modern%2C_London_-_20130627.jpg;[]
Q157106;['Q164950'];Ottonian dynasty;dynasty;;[]
Q584084;['Q968159', 'Q1747829', 'Q16334295'];School of Fontainebleau;art movement by artists active at Fontainebleau 1530s-1610;;[]
Q203209;['Q968159', 'Q1792379'];conceptual art;art movement;https://upload.wikimedia.org/wikipedia/commons/d/dd/Art_%26_Language%2C_Untitled_Painting_%281965%29%2C_Tate_Modern%2C_London_-_20130627.jpg;['Q5912', 'Q572916', 'Q539750']
Q184814;['Q1400264', 'Q968159'];Pre-Raphaelite Brotherhood;group of English painters, poets, and critics, founded in 1848;https://upload.wikimedia.org/wikipedia/commons/c/cf/Dante_Gabriel_Rossetti_-_Beata_Beatrix%2C_1864-1870.jpg;['Q179126']
Q4692;['Q968159', 'Q32880'];Renaissance;cultural movement that spanned the period roughly from the 14th to the 17th century;https://upload.wikimedia.org/wikipedia/commons/6/6f/Sandro_Botticelli_-_La_nascita_di_Venere_-_Google_Art_Project.jpg;[]
Q46805;['Q968159', 'Q1792644'];Romanesque art;artistic style of Europe from approximately 1000 AD to the 13th century;https://upload.wikimedia.org/wikipedia/commons/f/fc/Pante%C3%B3nSanIsidoroLe%C3%B3n.jpg;['Q211884', 'Q612118']
Q273506;['Q968159'];School of Paris;art movement;;[]
Q1122677;['Q968159', 'Q32880', 'Q3326717'];Modernisme;architectural and artistic movement originating in late-19th-century Catalonia, Spain;;[]
Q5595260;['Q1792644'];Grand manner;;;[]
Q1633309;['Q1792379', 'Q968159', 'Q28640'];Yōga;style of paintings by Japanese artists, made in accordance with Western (European) traditional conventions, techniques and materials;https://upload.wikimedia.org/wikipedia/commons/7/75/Kuroda_Maiko.jpg;[]
Q667661;['Q3326717', 'Q223393'];literary realism;literary movement;;[]
Q10336318;['Q968159'];Neo-primitivism;;;['Q35548', 'Q42934', 'Q131221', 'Q982897']
Q3374359;[];;;;[]
Q191105;['Q32880', 'Q968159'];Empire style;art movement;https://upload.wikimedia.org/wikipedia/commons/2/28/Ingres%2C_Napoleon_on_his_Imperial_throne.jpg;[]
Q945693;['Q32880'];Louis Quinze;;https://upload.wikimedia.org/wikipedia/commons/b/b4/Mus%C3%A9e_Nissim_de_Camondo_-_Salon_des_Huets.JPG;[]
Q3624153;['Q968159', 'Q1792644', 'Q2668072'];medieval art;;https://upload.wikimedia.org/wikipedia/commons/2/23/Simone_Martini_and_Lippo_Memmi_-_The_Annunciation_and_Two_Saints_-_WGA15010.jpg;[]
Q1133779;[];Renaissance art;painting, sculpture and decorative arts of that period of European history known as the Renaissance;;[]
Q3088366;['Q3326867'];Romantic painting;;;[]
Q698293;['Q4502119', 'Q1210725'];Neue Künstlervereinigung München;artist group;https://upload.wikimedia.org/wikipedia/commons/a/a5/N.K.V.M._Signet_Kandinsky_1909.jpg;[]
Q14378;['Q968159', 'Q32880'];neoclassicism;"Western art movements that draw inspiration from the ""classical"" art and culture of Ancient Greece or Ancient Rome";https://upload.wikimedia.org/wikipedia/commons/8/8c/David_-_The_Death_of_Socrates.jpg;[]
Q2316866;['Q1792379'];geometric abstraction;;;[]
Q519443;['Q968159'];Orphism;art movement;;['Q166593', 'Q151573', 'Q271651', 'Q5078907']
Q1517921;[];Louis XIV style;style of Louis XIV period;https://upload.wikimedia.org/wikipedia/commons/3/37/Den_Haag_Raad_van_State.jpg;[]
Q837024;['Q968159'];social realism;"international art movement flourishing in the interwar period; reacts to the hardships suffered by people after the Great Crash; involves realist portrayals of anonymous workers or celebrities as heroic symbols of strength in the face of adversity";https://upload.wikimedia.org/wikipedia/commons/c/cc/Grant_Wood_-_American_Gothic_-_Google_Art_Project.jpg;[]
Q156460;['Q968159'];degenerate art;term used by the German Nazi regime to describe modern art. For the exhibition of the same name, use Q329154;;[]
Q207175;['Q32090'];bohemianism;lifestyle;https://upload.wikimedia.org/wikipedia/commons/7/71/Robaudi_Scenes_de_la_vie_de_Boheme_p001.jpeg;[]
Q15838173;['Q32880'];Regionalism;art movement;;[]
Q466675;['Q968159', 'Q32880'];American Renaissance;art movement and architectural style;;[]
Q516316;['Q1400264', 'Q968159', 'Q4502119'];Young British Artists;loose group of visual artists;;['Q677739', 'Q5328177']
Q2763408;['Q968159'];Baroque sculpture;sculpture of the Baroque movement;https://upload.wikimedia.org/wikipedia/commons/1/19/Apollo_%26_Daphne_September_2a.jpg;['Q428995']
Q979160;['Q968159', 'Q2198855', 'Q32880'];Proto-Renaissance;cultural movement preceding the Italian Renaissance;;[]
Q11811815;['Q968159'];New Sculpture;movement in late 19th-century British sculpture;;[]
Q11766739;['Q1792644'];Italian Mannerism painting;;;[]
Q530936;['Q37853'];Spanish Golden Age;period of flourishing in arts and literature in Spain;https://upload.wikimedia.org/wikipedia/commons/b/b4/Murillo_Self-portrait.jpg;[]
Q42865;['Q2198855'];Orientalism;imitation or depiction of aspects of Middle Eastern and East Asian cultures;;[]
Q1400843;['Q968159'];Cubo-Futurism;Russian art movement;;[]
Q431354;[];scientific realism;;;[]
Q40415;['Q968159'];Impressionism;19th-century art movement;https://upload.wikimedia.org/wikipedia/commons/2/21/Pierre-Auguste_Renoir%2C_Le_Moulin_de_la_Galette.jpg;[]
Q428995;['Q11514315'];Hellenistic period;period of ancient Greek and Mediterranean history;;[]
Q164800;['Q968159', 'Q2198855', 'Q3326717'];Symbolism;art movement;;[]
Q11131431;[];Momoyama Culture;Japanese culture under the regime of Oda Nobunaga and of Toyotomi Hideyoshi;;[]
Q756615;[];Chinese art;visual art that, whether ancient or modern, originated in or is practiced in China or by Chinese artists;;[]
Q173782;['Q1792644', 'Q968159'];Art Deco;influential visual arts design style which first appeared in France during the 1920s;https://upload.wikimedia.org/wikipedia/commons/8/89/Cochise_County_courthouse%2C_Bisbee%2C_Arizona.jpg;['Q16675384', 'Q42934', 'Q207103', 'Q47942', 'Q245188', 'Q131221', 'Q524154', 'Q153793', 'Q35548']
Q4859695;['Q4167410'];Barbizon;Wikipedia disambiguation page;;[]
Q166593;['Q968159'];fauvism;artistic style that emphasized painterly qualities and strong color over the representational or realistic values retained by Impressionism;;[]
Q2455000;['Q968159'];German Renaissance;cultural and artistic movement, part of the Northern Renaissance;;[]
Q271834;['Q6428674'];Archaic Greece;period of ancient Greek history;;[]
Q28872661;['Q2198855', 'Q968159', 'Q3326717'];;;;[]
Q478717;['Q968159'];Amsterdam Impressionism;art movement;;[]
Q60367157;['Q968159'];Salon Cubism;;https://upload.wikimedia.org/wikipedia/commons/9/9d/Salon_d%27Automne_1912%2C_Paris%2C_works_exhibited_by_Kupka%2C_Modigliani%2C_Csaky%2C_Picabia%2C_Metzinger%2C_Le_Fauconnier.jpg;[]
Q4422712;[];;;;[]
Q1332178;['Q968159'];Sienese School;;https://upload.wikimedia.org/wikipedia/commons/2/23/Simone_Martini_and_Lippo_Memmi_-_The_Annunciation_and_Two_Saints_-_WGA15010.jpg;[]
Q37068;['Q2198855', 'Q968159', 'Q3326717', 'Q32880'];Romanticism;period of artistic, literary, and intellectual movement that started in 18th century Europe;;[]
Q160476;['Q2198855'];German Expressionism;cultural movement;;[]
Q429811;['Q32880'];early Christian art and architecture;;;[]
Q2632089;['Q17399019'];Dutch and Flemish Renaissance painting;;;[]
Q2477787;['Q3326867'];American Impressionism;style of painting;;[]
Q915841;['Q968159'];vorticism;short-lived modernist movement in British art and poetry of the early 20th century;https://upload.wikimedia.org/wikipedia/commons/4/45/Blast2.jpg;['Q42934']
Q281108;['Q968159', 'Q1792379'];Naïve art;art movement;;[]
Q1362251;['Q968159'];Roman sculpture;;;[]
Q8733;['Q50068795'];Qing dynasty;former empire in Eastern Asia, last imperial regime of China;https://upload.wikimedia.org/wikipedia/commons/9/9c/18_century_Qing_China.png;[]
Q117035;['Q968159'];Der Blaue Reiter;"group of artists united in rejection of the Neue Künstlervereinigung München, considering it too traditional; founded by Russian emigrants (W. Kandinsky, A. von Jawlensky, M. von Werefkin) and native German artists (F. Marc, A. Macke, G. Münter)";https://upload.wikimedia.org/wikipedia/commons/1/1a/BlaueReiter.jpg;[]
Q617793;[];ancient Greek sculpture;sculpture of Ancient Greece;;[]
Q18086896;['Q968159'];Egyptian Revival;art movement;;[]
Q186363;['Q32880'];Gothic Revival architecture;architectural movement;;['Q176483']
Q9903;['Q50068795', 'Q12857432'];Ming dynasty;former empire in Eastern Asia, last Han Chinese-led imperial regime;https://upload.wikimedia.org/wikipedia/commons/b/ba/Ming_Empire_cca_1580_%28en%29.svg;[]
Q1221508;['Q4167410'];Orientalis;Wikipedia disambiguation page;;[]
Q5839901;[];Neoclassical sculpture;;;[]
Q632355;['Q968159'];archaic sculpture;;;[]
Q2311158;['Q17524420'];Visual art of the United States;;;[]
Q166713;['Q968159'];Post-Impressionism;predominantly French art movement that developed roughly between 1886 and 1905;https://upload.wikimedia.org/wikipedia/commons/2/25/Henri_Rousseau_%28French%29_-_A_Centennial_of_Independence_-_Google_Art_Project.jpg;[]
Q941875;['Q968159'];Rayonism;art movement;;[]
Q661566;[];Dutch Golden Age;history of the Netherlands 1575 to 1675;;[]
Q10857409;['Q968159', 'Q32880'];Realism;artistic style of representing subjects realistically;;[]
Q3272569;['Q3326867'];luminism;American landscape painting style of the 1850s – 1870s;;[]
Q177725;['Q3326867'];abstract expressionism;American post–World War II art movement;;[]
Q4700245;[];Akan art;;;[]
Q2642826;['Q3326867'];Realism;French painting movement;https://upload.wikimedia.org/wikipedia/commons/9/93/Gustave_Courbet_-_Bonjour_Monsieur_Courbet_-_Mus%C3%A9e_Fabre.jpg;[]
Q1136545;['Q968159', 'Q483394'];Costumbrismo;art movement;https://upload.wikimedia.org/wikipedia/commons/4/4b/Manuel_Cabral_-_La_copla_-_Google_Art_Project.jpg;[]
Q200034;['Q3326867', 'Q17399019'];pointillism;technique of painting with small, distinct dots;;[]
Q7921371;['Q3326867'];Verismo;19th-century Italian painting style;;[]
Q947129;['Q3326867'];Gothic painting;Gothic painting;;[]
Q42934;['Q968159', 'Q32880'];Cubism;early-20th-century avant-garde art movement;;['Q35548', 'Q848365', 'Q386302']
Q1786363;[];Tonalism;artistic style;;[]
Q1133329;['Q968159', 'Q2198855'];Young Poland;cultural movement in Poland;https://upload.wikimedia.org/wikipedia/commons/a/a2/Stanis%C5%82aw_Wyspia%C5%84ski%2C_Autoportret.jpg;['Q735828']
Q180902;['Q32880', 'Q968159', 'Q1792379', 'Q223393'];socialist realism;style of realistic art;https://upload.wikimedia.org/wikipedia/commons/e/e5/Museum_of_Sozart_7.jpg;['Q2470594', 'Q6186']
Q1744664;[];;;;[]
Q152778;['Q1400264', 'Q968159'];Die Brücke;German expressionist artist group;;['Q5580', 'Q154338', 'Q191748', 'Q848365']
Q4745527;['Q968159'];American realism;style in art, music and literature that depicted contemporary social realities and the lives and everyday activities of ordinary people;;[]
Q2352880;['Q3326867'];Dutch Golden Age painting;;;['Q101849', 'Q1404472', 'Q42207', 'Q443153']
Q191970;['Q968159'];suprematism;early 20th-century art movement;;['Q42934']
Q54111;['Q32880'];neoclassical architecture;architectural style produced by the neoclassical movement that began in the mid-18th century;https://upload.wikimedia.org/wikipedia/commons/7/78/Aerial_view_of_Lincoln_Memorial_-_east_side_EDIT.jpeg;[]
Q10822316;['Q968159'];concrete art;art movement;;[]
Q3103237;[];English art;art produced in England or by English people;;[]
Q830331;[];Etruscan art;;;[]
Q207103;['Q32880', 'Q968159', 'Q2915955'];constructivism;artistic and architectural philosophy;;['Q42934']
Q154432;['Q968159'];Biedermeier;art movement;;[]
Q2988788;[];Rajput painting;;;[]
Q933661;['Q1400264', 'Q968159', 'Q32880'];Novecento Italiano;Italian artistic movement;;[]
Q208208;['Q1400264', 'Q32880', 'Q968159'];Vienna Secession;group of Austrian artists and architects;https://upload.wikimedia.org/wikipedia/commons/c/cf/Wien_-_Secessionsgeb%C3%A4ude.JPG;[]
Q5839475;['Q968159'];Modern sculpture;;;[]
Q1404472;['Q2198855', 'Q32880'];Italian Renaissance;cultural movement;;[]
Q10924220;['Q32880'];late Gothic;;;[]
Q37853;['Q2198855', 'Q32880', 'Q968159'];baroque;cultural movement, starting around 1600;;['Q172991']
Q1994273;['Q3326867'];Flemish Baroque painting;;;[]
Q469913;[];American scene painting;;;[]
Q503708;['Q968159'];Les Nabis;artist collective;;[]
Q34636;['Q32880', 'Q968159'];Art Nouveau;international philosophy and style of art, architecture and applied art;https://upload.wikimedia.org/wikipedia/commons/c/c5/Beardsley-peacockskirt.PNG;[]
Q6496268;['Q968159'];Latin American art;;;[]
Q13512662;['Q1792644'];Regence style;;;[]
Q388587;['Q32880'];Louis XVI style;neoclassical style within architecture and design;;[]
Q443153;['Q968159', 'Q1747829', 'Q16334295'];Flemish Primitives;work of artists active in the Low Countries during the 15th- and 16th-century Northern Renaissance;https://upload.wikimedia.org/wikipedia/commons/3/33/Van_Eyck_-_Arnolfini_Portrait.jpg;[]
Q131808;['Q968159', 'Q2198855', 'Q32880'];mannerism;style of European art;;[]
Q263985;[];romantic nationalism;form of nationalism in which the state derives its political legitimacy as an organic consequence of the unity of those it governs;;[]
Q2477112;['Q968159'];German Romanticism;intellectual movement in the culture of German-speaking countries in the late-18th and early 19th centuries;;[]
Q318394;[];Art of ancient Egypt;Art produced by the ancient Egyptian civilization;;[]
Q1472236;['Q968159'];Early Renaissance;art movement;;[]
Q919348;[];Chinese painting;;;[]
Q122960;['Q968159', 'Q32880'];rococo;18th-century artistic movement and style;https://upload.wikimedia.org/wikipedia/commons/9/90/JAMeissonnierTable.jpg;[]
Q3032335;['Q968159'];Heidelberg School;Australian art movement;;['Q40415']
Q16064885;['Q968159'];art of Classical Greece;;;[]
Q943853;['Q968159'];Hudson River School;American art movement;;[]
Q128115;['Q968159'];abstract art;art with a degree of independence from visual references in the world;https://upload.wikimedia.org/wikipedia/commons/0/07/Hilma_af_Klint_Svanen.jpg;['Q42934']
Q3006706;['Q968159'];analytical cubism;early phase of cubism (ca. 1908-1912);;[]
Q147516;['Q223393', 'Q201658', 'Q968159', 'Q3326717'];magic realism;artistic genre and movement;;[]
Q3357314;['Q968159'];Florentine School;;;[]
Q55996;['Q3326717'];naturalism;literary movement;;[]
Q6092666;['Q968159'];Italian Baroque art;Italian art movement;;[]
Q221375;['Q968159'];Hellenistic art;art movement;;[]
Q646420;['Q3326867'];Fayum mummy portraits;naturalistic painted portrait on wooden boards attached to mummies from 50 CE - 350 CE;;[]
Q19953536;['Q3326867'];neo-Pompeian;;;[]
Q38166;['Q968159'];modern art;artistic works produced during the period extending roughly from the 1860s to the 1970s;;[]
Q2405999;['Q968159'];fairy painting;Victorian painting genre and movement;;['Q104871']
Q261993;['Q4167410'];realism;Wikimedia disambiguation page;;[]
Q213523;['Q968159'];Quattrocento;;;[]
Q252801;['Q968159', 'Q4502119', 'Q8436'];Kanō school;school of Japanese painting, 15th till 19th Century;;['Q919348']
Q2349908;['Q2198855'];French Renaissance;;;[]
Q936588;[];Renaissance sculpture;;;[]
Q3562740;['Q968159'];Volcano School;Hawaiian art;;[]
Q577622;[];Coptic art;;;[]
Q610877;['Q968159', 'Q32880'];Northern Renaissance;Renaissance that occurred in the European countries north of the Alps;;[]
Q845421;['Q968159', 'Q32880'];Neoplasticism;;https://upload.wikimedia.org/wikipedia/commons/6/64/Theo_van_Doesburg_Architectuuranalyse.jpg;[]
Q1474884;['Q968159', 'Q32880'];High Renaissance;art movement;;[]
Q597365;['Q968159'];yamato-e;classical Japanese painting style;;[]
Q15121288;[];;;;[]
Q5421149;['Q32880', 'Q2198855'];experimental architecture;branch of conceptual architecture;;[]
Q1125039;[];;;;[]
Q46825;['Q1792644', 'Q968159'];Gothic art;style of Medieval art developed in Northern France;https://upload.wikimedia.org/wikipedia/commons/e/e1/Reims_Kathedrale.jpg;[]
Q189458;['Q968159', 'Q32880'];academic art;style of painting and sculpture produced under the influence of European academies of art;;[]
Q211884;['Q968159'];Byzantine art;;;[]
Q724976;['Q968159', 'Q4502119'];Ashcan School;American art movement;;[]
Q189594;[];Islamic art;art associated with Muslim peoples;;[]
Q1159870;['Q3326867'];Luminism;late-impressionist or neo-impressionist style in painting;;[]
Q2478178;['Q968159'];Umbrian school;;;[]
Q150091;['Q968159'];neo-impressionism;art movement;https://upload.wikimedia.org/wikipedia/commons/b/b7/Georges_Seurat_-_A_Sunday_on_La_Grande_Jatte_--_1884_-_Google_Art_Project.jpg;[]
Q3501307;['Q968159'];Troubadour style;art movement;;[]
Q143357;['Q968159'];Barbizon school;art movement towards Realism;;[]
